name,area,avg_household_size,cars_per_apartment,cars_per_house,M_median_age,F_median_age,median_income,median_rent,F_never_married,M_never_married,born_in_state,born_out_state,speak_poor_english,foriegn_born,married,with_mortgage,single_mothers,population,male_population,female_population,address,coords,lat,lon
"Accent neighborhood in Des Moines, IA",0.840,2.6,1.8,1.8,35.1,37.4,48749,740,15.2,20.2,75.3,16.3,2.2,0.7,37.9,71.2,15.4,4,2421,2459,"Accent,Des Moines, IA","(None, None)",,
"Airport Crossroads neighborhood in Des Moines, IA",0.061,,,,,,,,,,,,,,,,,,,,"Airport Crossroads,Des Moines, IA","(None, None)",,
"Airport Heights neighborhood in Des Moines, IA",0.008,,,,,,,,,,,,,,,,,,,,"Airport Heights,Des Moines, IA","(None, None)",,
"Allen (Bloomfield) neighborhood in Des Moines, IA",5.462,2.7,1.8,2.1,33.1,38.1,57714,829,9.1,17.9,70.4,22.7,0.7,0.8,59.5,74.5,3.5,6,3507,3283,"Allen (Bloomfield),Des Moines, IA","(None, None)",,
"Allen Park neighborhood in Des Moines, IA",0.001,2.4,0.9,2.0,21.2,20.1,20852,541,25.8,27.3,51.0,26.4,12.5,2.2,9.5,78.3,35.2,9,4,4,"Allen Park,Des Moines, IA","(41.57900165, -93.6065990874525)",41.57900165,-93.6065990874525
"Alta Vista neighborhood in Des Moines, IA",0.002,4.4,2.5,2.1,26.0,29.3,40593,819,15.0,15.7,66.4,14.9,6.7,0.5,48.0,61.7,16.6,17,8,9,"Alta Vista,Des Moines, IA","(None, None)",,
"Andy's Place neighborhood in Des Moines, IA",0.006,2.5,2.1,2.0,29.5,41.7,47552,983,4.8,16.8,63.0,16.0,3.2,2.2,35.3,70.0,25.8,33,16,17,"Andy's Place,Des Moines, IA","(None, None)",,
"Apple Valley neighborhood in Des Moines, IA",0.073,2.4,1.4,1.7,31.1,32.6,46364,912,12.5,21.0,65.0,29.2,0.7,0.0,34.9,81.7,15.6,194,100,94,"Apple Valley,Des Moines, IA","(None, None)",,
"Arbor Peaks neighborhood in Des Moines, IA",0.269,2.1,1.1,1.9,32.3,34.7,38378,762,19.8,19.9,57.7,34.5,0.9,3.7,28.4,59.3,101.9,1,524,608,"Arbor Peaks,Des Moines, IA","(None, None)",,
"Arthur Avenue Heights neighborhood in Des Moines, IA",0.011,3.0,1.8,2.0,37.4,35.9,49743,683,19.4,15.5,71.8,17.9,0.0,0.7,45.1,68.3,5.7,15,7,8,"Arthur Avenue Heights,Des Moines, IA","(41.61617, -93.546079)",41.61617,-93.546079
"Ashawa Estates neighborhood in West Des Moines, IA",0.091,2.3,1.8,2.2,40.2,45.8,79797,943,14.2,16.5,71.7,22.2,0.3,0.9,53.6,68.5,9.8,414,215,198,"Ashawa Estates,West Des Moines, IA","(None, None)",,
"Ashbrook neighborhood in Des Moines, IA",0.125,16.5,1.1,2.2,28.7,42.7,43283,694,15.4,21.8,51.9,18.0,14.8,1.3,32.8,61.7,8.2,557,276,281,"Ashbrook,Des Moines, IA","(None, None)",,
"Ashby Manor neighborhood in Des Moines, IA",0.014,21.0,1.1,1.7,38.2,44.6,60223,609,14.3,18.8,69.5,27.8,0.0,0.0,40.2,67.0,9.3,57,28,28,"Ashby Manor,Des Moines, IA","(41.624968, -93.667052)",41.624968,-93.667052
"Ashby Woods neighborhood in Des Moines, IA",0.028,21.0,1.1,1.7,38.2,44.6,60223,609,14.3,18.8,69.5,27.8,0.0,0.0,40.2,67.0,9.2,113,57,55,"Ashby Woods,Des Moines, IA","(None, None)",,
"Ashworth Estates neighborhood in West Des Moines, IA",0.389,2.5,1.8,2.1,39.0,42.0,88138,835,12.4,13.8,71.7,22.2,0.2,0.9,58.8,67.9,6.2,1,911,967,"Ashworth Estates,West Des Moines, IA","(None, None)",,
"Ashworth Hills neighborhood in West Des Moines, IA",0.038,,,,,,,,,,,,,,,,,,,,"Ashworth Hills,West Des Moines, IA","(None, None)",,
"Ashworth Oaks neighborhood in Des Moines, IA",0.148,2.5,1.4,1.8,43.6,43.4,109816,817,11.4,14.8,66.0,29.9,0.4,0.7,55.1,70.6,8.7,625,306,319,"Ashworth Oaks,Des Moines, IA","(41.584703, -93.740292)",41.584703,-93.740292
"Auburn Heights neighborhood in Des Moines, IA",0.177,2.8,1.8,2.0,32.2,40.6,52172,722,12.0,24.9,66.1,14.9,2.7,0.7,40.4,62.4,9.0,1,607,502,"Auburn Heights,Des Moines, IA","(None, None)",,
"Bacon Acres neighborhood in Des Moines, IA",0.032,24.0,8.8,1.8,51.0,47.0,56538,651,8.6,7.9,78.2,16.5,0.0,0.4,41.2,68.3,3.9,16,7,8,"Bacon Acres,Des Moines, IA","(None, None)",,
"Ballpark Heights neighborhood in Des Moines, IA",0.005,29.0,0.6,2.0,29.8,49.6,41402,839,17.1,28.7,64.8,18.6,0.0,0.1,29.1,73.1,3.1,33,16,17,"Ballpark Heights,Des Moines, IA","(41.5938685, -93.7120850490388)",41.5938685,-93.7120850490388
"Barrington Estates neighborhood in West Des Moines, IA",0.037,,,,,,,,,,,,,,,,,,,,"Barrington Estates,West Des Moines, IA","(None, None)",,
"Beaver Glen neighborhood in Des Moines, IA",0.029,21.0,1.1,1.7,38.2,44.6,60223,609,14.3,18.8,69.5,27.8,0.0,0.0,40.2,67.0,9.3,131,66,64,"Beaver Glen,Des Moines, IA","(None, None)",,
"Beaver Heights neighborhood in Des Moines, IA",0.042,10.2,1.3,1.7,33.9,37.2,54709,706,28.9,22.3,60.9,28.2,3.2,1.3,28.8,62.6,14.7,304,135,169,"Beaver Heights,Des Moines, IA","(None, None)",,
"Beaver Hills neighborhood in Des Moines, IA",0.018,2.7,1.8,2.0,34.3,38.8,67763,839,16.5,3.1,68.2,24.5,1.9,1.2,59.2,56.2,1.3,59,29,30,"Beaver Hills,Des Moines, IA","(None, None)",,
"Beaver Oaks neighborhood in Des Moines, IA",0.008,21.0,1.1,1.7,38.2,44.6,60223,609,14.3,18.8,69.5,27.8,0.0,0.0,40.2,67.0,9.4,31,15,15,"Beaver Oaks,Des Moines, IA","(41.629981, -93.662554)",41.629981,-93.662554
"Beaver Park neighborhood in Des Moines, IA",0.016,21.0,1.1,1.7,38.2,44.6,60223,609,14.3,18.8,69.5,27.8,0.0,0.0,40.2,67.0,9.4,65,33,32,"Beaver Park,Des Moines, IA","(None, None)",,
"Beaver Ridge neighborhood in Des Moines, IA",0.010,2.3,13.1,1.0,51.0,49.2,47479,789,9.8,17.6,63.0,23.6,14.3,0.0,60.2,64.2,6.6,16,6,9,"Beaver Ridge,Des Moines, IA","(None, None)",,
"Beaver Woods neighborhood in Des Moines, IA",0.023,2.3,13.1,1.0,51.0,49.2,47479,789,9.8,17.6,63.0,23.6,12.1,0.0,60.2,64.2,6.6,35,15,20,"Beaver Woods,Des Moines, IA","(None, None)",,
"Beaverdale neighborhood in Des Moines, IA",2.016,4.9,1.2,1.8,33.9,33.6,54767,755,17.9,16.8,70.0,24.7,0.9,0.8,34.9,79.1,10.6,8,4064,4788,"Beaverdale,Des Moines, IA","(41.6202307, -93.6734674)",41.6202307,-93.6734674
"Beaverdale Gardens neighborhood in Des Moines, IA",0.007,21.0,1.1,1.7,38.2,44.6,60223,609,14.3,18.8,69.5,27.8,0.0,0.0,40.2,67.0,9.3,27,13,13,"Beaverdale Gardens,Des Moines, IA","(41.6202307, -93.6734674)",41.6202307,-93.6734674
"Bechtold Heights neighborhood in Des Moines, IA",0.383,2.5,1.2,2.1,36.5,41.2,66482,605,8.9,16.2,81.1,14.7,0.0,0.4,54.8,66.0,4.9,768,422,346,"Bechtold Heights,Des Moines, IA","(None, None)",,
"Beener Plaza neighborhood in Des Moines, IA",0.010,,,,,,,,,,,,,,,,,,,,"Beener Plaza,Des Moines, IA","(None, None)",,
"Bel Aire neighborhood in Des Moines, IA",0.095,2.3,13.1,1.0,51.0,49.2,47479,789,9.8,17.6,63.0,23.6,15.4,0.0,60.2,64.2,6.5,147,62,84,"Bel Aire,Des Moines, IA","(None, None)",,
"Belnor Heights neighborhood in Des Moines, IA",0.028,2.4,1.1,1.8,32.9,40.2,37583,641,23.6,15.2,67.9,22.3,0.8,0.1,18.1,80.7,26.8,123,46,76,"Belnor Heights,Des Moines, IA","(None, None)",,
"Berwick Heights neighborhood in Des Moines, IA",0.070,2.5,1.2,2.1,36.5,41.2,66482,605,8.9,16.2,81.1,14.7,0.0,0.4,54.8,66.0,5.0,2,1,0,"Berwick Heights,Des Moines, IA","(None, None)",,
"Bethany Heights neighborhood in Des Moines, IA",0.016,2.5,1.2,2.1,34.8,39.5,59516,640,9.4,30.8,78.2,16.5,0.0,0.4,58.8,76.1,1.4,16,11,5,"Bethany Heights,Des Moines, IA","(None, None)",,
"Bethel Heights neighborhood in Des Moines, IA",0.020,2.5,1.5,2.0,37.4,47.7,47574,643,7.5,13.9,77.1,13.1,0.0,0.5,43.9,72.8,24.1,3,1,1,"Bethel Heights,Des Moines, IA","(None, None)",,
"Beverly Hills neighborhood in West Des Moines, IA",0.194,11.2,3.0,1.2,34.2,41.7,71582,829,10.0,7.9,68.1,22.0,6.2,0.1,71.4,66.6,3.2,1,577,554,"Beverly Hills,West Des Moines, IA","(None, None)",,
"Bianchi Knolls neighborhood in Des Moines, IA",0.052,,,,,,,,,,,,,,,,,,,,"Bianchi Knolls,Des Moines, IA","(None, None)",,
"Bloomfield neighborhood in Des Moines, IA",0.124,2.7,2.2,1.3,27.6,35.7,53503,1028,19.7,18.5,78.3,18.6,0.0,0.8,34.1,65.6,23.2,790,415,374,"Bloomfield,Des Moines, IA","(41.53004455, -93.57799895688)",41.53004455,-93.57799895688
"Blue Creek neighborhood in West Des Moines, IA",0.040,,,,,,,,,,,,,,,,,,,,"Blue Creek,West Des Moines, IA","(None, None)",,
"Boesen Gardens neighborhood in Des Moines, IA",0.009,1.9,1.3,1.8,36.3,39.0,73750,719,16.3,16.9,79.2,18.4,0.0,0.2,39.1,89.4,9.5,42,19,22,"Boesen Gardens,Des Moines, IA","(None, None)",,
"Bonnie-Lea Acres neighborhood in West Des Moines, IA",0.032,,,,,,,,,,,,,,,,,,,,"Bonnie-Lea Acres,West Des Moines, IA","(None, None)",,
"Boulder Ridge neighborhood in Des Moines, IA",0.071,,,,,,,,,,,,,,,,,,,,"Boulder Ridge,Des Moines, IA","(None, None)",,
"Briarwood Heights neighborhood in Des Moines, IA",0.040,2.2,1.1,2.4,25.0,31.3,38555,786,30.6,23.7,61.6,22.1,0.0,0.0,27.9,52.1,30.9,20,8,12,"Briarwood Heights,Des Moines, IA","(None, None)",,
"Brightwell Plaza neighborhood in Des Moines, IA",0.005,2.4,1.7,2.1,37.5,32.0,57431,675,21.5,14.7,69.5,26.8,0.0,0.3,34.3,78.3,30.4,13,5,7,"Brightwell Plaza,Des Moines, IA","(None, None)",,
"Broadacre neighborhood in Des Moines, IA",0.249,2.6,1.2,1.9,39.0,37.3,49689,666,14.4,16.2,72.6,20.7,4.8,0.2,35.2,62.8,26.5,631,335,296,"Broadacre,Des Moines, IA","(None, None)",,
"Broadmoor neighborhood in Des Moines, IA",0.130,1.9,1.3,1.8,36.3,39.0,73750,719,16.3,16.9,69.4,27.8,,2.1,39.1,89.4,9.5,645,298,347,"Broadmoor,Des Moines, IA","(41.57102545, -93.7984371871035)",41.57102545,-93.7984371871035
"Broadway Acres neighborhood in Des Moines, IA",0.063,2.2,0.7,1.9,38.7,51.7,51250,605,6.9,14.9,81.1,14.7,0.0,0.4,55.1,62.5,11.8,29,17,12,"Broadway Acres,Des Moines, IA","(None, None)",,
"Brook Run neighborhood in Des Moines, IA",0.247,2.2,1.5,1.8,38.6,45.9,42692,605,13.8,19.0,81.1,14.7,,0.4,29.7,22.4,14.7,145,62,82,"Brook Run,Des Moines, IA","(None, None)",,
"Brookfield neighborhood in Des Moines, IA",0.003,2.8,0.8,2.3,30.7,32.6,58424,609,11.0,20.8,69.9,22.9,0.0,0.2,50.4,68.7,1.7,16,8,7,"Brookfield,Des Moines, IA","(None, None)",,
"Brookline Heights neighborhood in Des Moines, IA",0.108,2.3,1.2,1.8,37.3,37.8,53447,765,10.9,22.0,71.4,25.1,0.0,0.4,38.5,72.3,6.8,305,148,157,"Brookline Heights,Des Moines, IA","(None, None)",,
"Brookmont Acres neighborhood in Des Moines, IA",0.018,3.1,1.4,1.9,17.1,33.8,46425,1028,28.8,24.8,78.3,18.6,0.0,0.8,29.2,80.6,19.3,115,64,50,"Brookmont Acres,Des Moines, IA","(None, None)",,
"Brooks neighborhood in Des Moines, IA",0.757,3.0,1.4,1.9,33.8,31.3,37669,579,24.8,23.2,58.0,18.8,6.5,3.4,27.8,41.1,15.6,4,1920,2255,"Brooks,Des Moines, IA","(41.5910641, -93.6037149)",41.5910641,-93.6037149
"Brown's Woods neighborhood in Des Moines, IA",0.096,2.0,0.9,1.9,46.1,53.3,81347,780,5.9,4.1,56.0,36.4,0.0,0.7,57.6,63.0,1.9,287,133,154,"Brown's Woods,Des Moines, IA","(41.5516918, -93.7092690273199)",41.5516918,-93.7092690273199
"Brownstone Estates neighborhood in Des Moines, IA",0.031,2.2,0.7,1.9,38.7,51.7,51250,605,6.9,14.9,81.1,14.7,0.0,0.4,55.1,62.5,12.0,14,8,6,"Brownstone Estates,Des Moines, IA","(None, None)",,
"Bryn Mawr neighborhood in Des Moines, IA",0.034,2.4,1.8,2.0,41.1,36.5,70539,785,25.7,11.5,52.0,35.1,6.3,3.1,50.6,72.9,10.6,188,87,101,"Bryn Mawr,Des Moines, IA","(None, None)",,
"Burke-Wood neighborhood in Des Moines, IA",0.011,2.5,1.3,1.8,41.5,39.5,77941,742,13.4,2.5,64.7,31.1,0.0,0.7,52.1,75.4,12.5,49,19,29,"Burke-Wood,Des Moines, IA","(None, None)",,
"Burkhardt Heights neighborhood in Des Moines, IA",0.008,3.6,1.8,2.7,20.9,22.8,31859,724,14.4,21.9,51.1,21.1,15.8,0.0,29.8,61.2,8.9,69,33,36,"Burkhardt Heights,Des Moines, IA","(None, None)",,
"Busch's Heights neighborhood in Des Moines, IA",0.001,3.8,2.4,2.2,19.6,19.6,30787,657,49.1,36.0,51.0,26.4,0.0,2.2,36.1,67.7,0.3,16,8,8,"Busch's Heights,Des Moines, IA","(None, None)",,
"Calrich Estates neighborhood in Des Moines, IA",0.016,,,,,,,,,,,,,,,,,,,,"Calrich Estates,Des Moines, IA","(None, None)",,
"Camelot South neighborhood in Des Moines, IA",0.074,,,,,,,,,,,,,,,,,,,,"Camelot South,Des Moines, IA","(None, None)",,
"Campbell Heights neighborhood in Des Moines, IA",0.005,2.7,1.2,2.3,28.5,40.4,44028,622,11.3,13.6,75.9,12.3,0.0,0.3,37.6,55.8,8.7,15,7,7,"Campbell Heights,Des Moines, IA","(None, None)",,
"Campus Park neighborhood in Des Moines, IA",0.047,2.9,1.4,1.7,33.7,37.4,43575,704,19.1,21.3,64.8,15.4,14.8,1.3,42.8,62.9,8.5,330,157,173,"Campus Park,Des Moines, IA","(None, None)",,
"Capital neighborhood in Des Moines, IA",0.207,19.2,1.6,2.6,31.1,33.7,50549,663,15.7,32.5,48.7,15.0,14.4,0.4,40.3,73.6,9.4,1,763,552,"Capital,Des Moines, IA","(41.58683015, -93.6227565403978)",41.58683015,-93.6227565403978
"Capitol East neighborhood in Des Moines, IA",0.596,3.1,1.4,1.8,29.0,30.9,33539,633,23.4,20.2,58.4,18.7,7.6,3.4,31.7,46.4,16.0,3,1540,1795,"Capitol East,Des Moines, IA","(41.600658, -93.537026)",41.600658,-93.537026
"Capitol Heights neighborhood in Des Moines, IA",0.507,2.4,1.2,1.8,33.8,39.4,45939,684,19.9,21.9,77.6,15.3,0.6,0.5,21.4,34.1,26.1,591,261,329,"Capitol Heights,Des Moines, IA","(41.600658, -93.537026)",41.600658,-93.537026
"Capitol Park neighborhood in Des Moines, IA",0.550,3.4,1.6,2.7,26.3,30.3,42366,660,15.7,32.5,48.6,15.1,16.5,0.4,40.0,74.3,9.6,3,1973,1425,"Capitol Park,Des Moines, IA","(None, None)",,
"Capitol View Acres neighborhood in Des Moines, IA",0.063,2.8,1.8,2.1,35.3,42.3,71754,839,8.2,17.5,70.4,22.7,0.0,0.8,61.9,76.2,1.9,96,50,45,"Capitol View Acres,Des Moines, IA","(None, None)",,
"Carman Estates neighborhood in Des Moines, IA",0.167,2.8,1.8,2.1,35.3,42.3,71754,839,8.2,17.5,70.4,22.7,0.4,0.8,61.9,76.2,1.9,257,134,122,"Carman Estates,Des Moines, IA","(None, None)",,
"Carmel Heights neighborhood in Des Moines, IA",0.048,2.6,1.1,1.6,32.2,35.1,58340,566,3.0,16.5,61.8,19.3,23.3,2.6,47.3,62.4,13.0,273,143,130,"Carmel Heights,Des Moines, IA","(None, None)",,
"Carmichael Heights neighborhood in Des Moines, IA",0.019,2.1,1.2,1.8,36.6,34.7,31902,605,16.1,14.2,81.1,14.7,0.0,0.4,36.5,50.8,6.3,23,12,10,"Carmichael Heights,Des Moines, IA","(None, None)",,
"Carpenter neighborhood in Des Moines, IA",0.075,2.9,0.9,2.0,25.9,24.8,19946,541,25.8,27.3,50.8,26.3,19.7,2.2,9.5,58.2,33.3,666,342,324,"Carpenter,Des Moines, IA","(41.6022295, -93.6426104)",41.6022295,-93.6426104
"Carter Estates neighborhood in Des Moines, IA",0.019,3.3,1.7,2.5,32.3,33.3,66554,645,19.5,17.7,77.1,13.1,0.0,0.5,31.6,70.0,19.2,22,10,11,"Carter Estates,Des Moines, IA","(41.520293, -93.6185)",41.520293,-93.6185
"Casady's Druid Hill Park neighborhood in Des Moines, IA",0.105,2.2,1.4,1.9,36.8,51.0,61474,740,7.8,16.3,69.5,26.8,3.8,0.3,49.5,65.2,2.4,136,72,64,"Casady's Druid Hill Park,Des Moines, IA","(None, None)",,
"Cass Brentwood neighborhood in Des Moines, IA",0.021,2.1,0.8,1.9,48.4,56.8,102417,781,5.8,4.0,55.8,36.5,0.0,0.0,57.6,63.0,1.8,62,29,33,"Cass Brentwood,Des Moines, IA","(None, None)",,
"Cedar Knolls neighborhood in Des Moines, IA",0.008,2.5,2.1,2.0,29.5,41.7,47552,983,4.8,16.8,63.0,16.0,5.0,2.2,35.3,70.0,25.6,41,20,20,"Cedar Knolls,Des Moines, IA","(None, None)",,
"Cedar Pointe neighborhood in Des Moines, IA",0.015,,,,,,,,,,,,,,,,,,,,"Cedar Pointe,Des Moines, IA","(None, None)",,
"Central Park neighborhood in Des Moines, IA",0.034,2.7,0.8,2.0,39.8,41.8,38882,734,21.4,16.4,74.8,13.9,5.7,0.7,39.8,63.3,18.3,234,111,122,"Central Park,Des Moines, IA","(41.5910641, -93.6037149)",41.5910641,-93.6037149
"Chamberlain Heights neighborhood in Des Moines, IA",0.026,2.2,0.8,1.9,43.8,41.6,67708,535,9.7,12.9,71.5,25.0,0.0,0.4,44.4,80.7,7.0,62,31,31,"Chamberlain Heights,Des Moines, IA","(None, None)",,
"Charter Oak neighborhood in Des Moines, IA",0.029,3.0,1.4,1.8,28.7,26.8,32832,604,23.4,20.2,57.7,18.9,0.0,3.5,31.5,46.2,16.9,11,5,6,"Charter Oak,Des Moines, IA","(None, None)",,
"Chautauqua Park neighborhood in Des Moines, IA",0.096,7.8,1.8,2.0,32.9,33.5,46545,646,16.1,26.0,52.4,21.1,11.7,0.2,51.8,56.1,8.7,541,288,252,"Chautauqua Park,Des Moines, IA","(41.0090703, -91.1323066937465)",41.0090703,-91.1323066937465
"Cheatom Park neighborhood in Des Moines, IA",0.292,2.7,23.1,6.4,33.3,28.9,25931,562,18.3,13.1,61.4,21.3,4.0,1.4,39.2,70.8,14.8,1,801,578,"Cheatom Park,Des Moines, IA","(41.59677165, -93.6320767091071)",41.59677165,-93.6320767091071
"Cherry Croft Place neighborhood in Des Moines, IA",0.009,1.9,1.3,1.8,36.3,39.0,73750,719,16.3,16.9,79.2,18.4,0.0,0.2,39.1,89.4,9.5,44,20,23,"Cherry Croft Place,Des Moines, IA","(None, None)",,
"Chesterfield neighborhood in Des Moines, IA",0.059,3.0,1.3,2.3,36.3,40.1,48067,643,14.6,22.5,77.1,13.1,0.0,0.5,36.6,71.8,12.3,39,19,20,"Chesterfield,Des Moines, IA","(41.58343455, -93.565785883783)",41.58343455,-93.565785883783
"Churchdale neighborhood in Des Moines, IA",0.060,1.9,1.3,1.8,36.3,39.0,73750,719,16.3,16.9,79.2,18.4,0.0,0.2,39.1,89.4,9.5,297,137,159,"Churchdale,Des Moines, IA","(None, None)",,
"City Center neighborhood in Des Moines, IA",0.010,2.8,0.9,6.1,25.8,24.6,58684,725,21.5,27.9,44.4,31.2,22.7,3.4,26.3,68.5,19.2,24,13,11,"City Center,Des Moines, IA","(41.5910641, -93.6037149)",41.5910641,-93.6037149
"City View neighborhood in Des Moines, IA",0.015,2.4,1.4,1.9,38.7,39.4,53457,742,8.4,16.3,69.7,26.6,0.0,0.4,49.1,65.1,3.0,20,10,9,"City View,Des Moines, IA","(None, None)",,
"Civic Estates neighborhood in West Des Moines, IA",0.089,,,,,,,,,,,,,,,,,,,,"Civic Estates,West Des Moines, IA","(None, None)",,
"Clarkson Place neighborhood in Des Moines, IA",0.008,2.0,2.2,1.8,47.4,45.4,49853,666,6.7,19.1,69.9,22.9,5.9,0.2,45.5,73.2,7.1,18,10,8,"Clarkson Place,Des Moines, IA","(None, None)",,
"Clegg Park neighborhood in Des Moines, IA",0.124,1.9,1.6,2.5,35.1,40.2,57832,816,17.9,11.1,66.7,21.0,0.6,0.8,48.7,63.7,4.8,358,181,176,"Clegg Park,Des Moines, IA","(None, None)",,
"Cliffside neighborhood in Des Moines, IA",0.245,2.6,1.4,2.1,31.9,34.5,61750,681,16.3,14.9,67.0,23.6,1.7,1.3,49.9,70.5,13.9,472,224,247,"Cliffside,Des Moines, IA","(None, None)",,
"Clifton Heights neighborhood in Des Moines, IA",0.102,2.4,5.1,1.4,39.8,38.2,51649,783,11.9,11.1,78.1,18.7,0.0,0.7,47.8,72.8,23.5,390,143,246,"Clifton Heights,Des Moines, IA","(None, None)",,
"Clover Hills neighborhood in West Des Moines, IA",0.071,2.0,1.7,1.6,39.5,51.0,54040,630,17.1,14.4,66.7,21.0,1.0,0.8,34.0,71.7,22.0,214,98,115,"Clover Hills,West Des Moines, IA","(None, None)",,
"Colby Acres neighborhood in Des Moines, IA",0.127,11.2,1.3,1.8,43.9,42.6,50048,795,12.5,9.7,65.0,29.2,1.0,0.0,48.0,66.2,17.1,461,200,260,"Colby Acres,Des Moines, IA","(None, None)",,
"Colby's Office Park neighborhood in West Des Moines, IA",0.139,2.1,1.3,17.7,34.0,38.1,54701,910,13.5,36.5,66.7,21.3,1.3,0.8,22.5,32.6,104.0,242,150,91,"Colby's Office Park,West Des Moines, IA","(None, None)",,
"College neighborhood in Des Moines, IA",0.117,2.6,1.0,1.9,35.9,39.0,51428,614,8.9,20.1,65.2,18.1,5.9,1.5,35.2,68.1,3.0,712,375,337,"College,Des Moines, IA","(41.5910641, -93.6037149)",41.5910641,-93.6037149
"Colonial Acres neighborhood in Des Moines, IA",0.116,2.6,1.2,1.9,32.3,32.5,46462,731,16.5,15.7,64.8,19.4,6.0,0.7,39.8,73.3,13.9,406,205,200,"Colonial Acres,Des Moines, IA","(None, None)",,
"Colonial Gardens neighborhood in Des Moines, IA",0.020,2.6,1.2,1.9,32.3,32.5,46462,731,16.5,15.7,64.8,19.4,3.2,0.7,39.8,73.3,13.9,70,35,34,"Colonial Gardens,Des Moines, IA","(None, None)",,
"Colonial Heights neighborhood in West Des Moines, IA",0.036,1.7,1.0,1.4,37.0,56.2,46484,630,16.6,8.9,66.7,21.0,0.8,0.8,30.6,75.3,26.0,127,53,73,"Colonial Heights,West Des Moines, IA","(None, None)",,
"Colonial Village neighborhood in West Des Moines, IA",0.113,,,,,,,,,,,,,,,,,,,,"Colonial Village,West Des Moines, IA","(None, None)",,
"Columbia Heights neighborhood in Des Moines, IA",0.125,1.8,0.9,1.9,52.3,52.1,39848,634,5.7,3.2,,,,,48.0,73.9,0.0,402,215,186,"Columbia Heights,Des Moines, IA","(None, None)",,
"Columbus Park (Mckinley School) neighborhood in Des Moines, IA",0.572,2.5,0.8,2.1,36.2,37.0,44503,560,12.6,20.8,76.4,17.3,2.0,0.8,38.4,60.8,9.5,1,864,807,"Columbus Park (Mckinley School),Des Moines, IA","(None, None)",,
"Community at Arbor Lake neighborhood in Des Moines, IA",0.106,,,,,,,,,,,,,,,,,,,,"Community at Arbor Lake,Des Moines, IA","(None, None)",,
"Constitution Hills neighborhood in Des Moines, IA",0.063,,,,,,,,,,,,,,,,,,,,"Constitution Hills,Des Moines, IA","(None, None)",,
"Cornell Heights neighborhood in Des Moines, IA",0.032,2.7,2.0,2.1,31.7,43.2,47143,692,12.9,29.6,66.4,14.9,7.7,0.5,33.7,61.7,11.5,206,120,86,"Cornell Heights,Des Moines, IA","(None, None)",,
"Cotton Mill neighborhood in Des Moines, IA",0.025,3.0,1.7,2.3,34.7,40.0,57725,644,16.1,16.6,77.1,13.1,0.0,0.5,35.7,71.1,20.4,12,6,6,"Cotton Mill,Des Moines, IA","(None, None)",,
"Country Club Estates neighborhood in West Des Moines, IA",0.385,6.6,2.4,1.8,36.9,40.0,85255,880,9.5,11.4,68.1,22.0,7.6,0.1,76.8,61.2,1.4,1,799,852,"Country Club Estates,West Des Moines, IA","(None, None)",,
"Country Club Knolls neighborhood in Des Moines, IA",0.126,2.8,1.3,2.0,42.2,38.7,136576,634,11.9,5.7,64.7,31.1,0.2,0.7,68.6,85.6,6.3,457,192,264,"Country Club Knolls,Des Moines, IA","(None, None)",,
"Country Side Estates neighborhood in Des Moines, IA",0.008,,,,,,,,,,,,,,,,,,,,"Country Side Estates,Des Moines, IA","(None, None)",,
"Country Side neighborhood in West Des Moines, IA",0.090,,,,,,,,,,,,,,,,,,,,"Country Side,West Des Moines, IA","(None, None)",,
"Courtland Heights neighborhood in Des Moines, IA",0.010,2.6,5.7,1.7,45.5,35.6,51797,782,8.2,9.8,78.3,18.6,0.0,0.8,51.0,74.8,25.4,35,12,22,"Courtland Heights,Des Moines, IA","(None, None)",,
"Crown Flair neighborhood in West Des Moines, IA",0.031,2.4,1.3,1.9,29.2,47.9,70766,939,9.3,17.6,68.1,22.0,1.8,0.1,48.9,70.5,6.8,184,100,83,"Crown Flair,West Des Moines, IA","(41.583606, -93.739065)",41.583606,-93.739065
"Crown Heights neighborhood in Des Moines, IA",0.047,16.7,1.5,1.7,39.6,42.6,59284,858,20.4,12.2,75.8,19.2,0.0,0.5,45.9,76.3,18.1,278,119,159,"Crown Heights,Des Moines, IA","(None, None)",,
"Culver Ridge Estates neighborhood in Des Moines, IA",0.042,2.8,1.8,2.1,35.3,42.3,71754,839,8.2,17.5,70.4,22.7,0.0,0.8,61.9,76.2,2.0,63,33,30,"Culver Ridge Estates,Des Moines, IA","(None, None)",,
"Curtis Bluff Park neighborhood in Des Moines, IA",0.012,3.1,1.5,2.3,22.0,20.4,30455,607,35.0,30.3,51.0,26.4,7.2,2.2,22.8,70.8,10.0,91,47,44,"Curtis Bluff Park,Des Moines, IA","(None, None)",,
"Dailey's Woods neighborhood in Des Moines, IA",0.043,2.7,0.8,2.2,34.8,35.2,53100,613,10.7,22.5,77.5,17.1,0.0,0.3,45.6,65.3,2.3,296,161,135,"Dailey's Woods,Des Moines, IA","(None, None)",,
"Debra Heights neighborhood in Des Moines, IA",0.020,2.7,1.6,2.1,35.8,40.0,69963,575,8.0,14.3,61.8,19.3,0.0,2.6,63.4,73.0,3.8,25,13,11,"Debra Heights,Des Moines, IA","(41.6341356, -93.6641291126836)",41.6341356,-93.6641291126836
"Debra Park neighborhood in Des Moines, IA",0.116,2.7,1.7,2.0,35.2,39.5,69118,839,11.7,9.5,63.9,21.1,4.4,2.1,61.6,66.2,2.1,198,103,94,"Debra Park,Des Moines, IA","(None, None)",,
"Deerfoot Acres neighborhood in Des Moines, IA",0.071,2.6,1.2,1.9,32.3,32.5,46462,731,16.5,15.7,64.8,19.4,4.9,0.7,39.8,73.3,13.9,249,126,123,"Deerfoot Acres,Des Moines, IA","(None, None)",,
"Demoine neighborhood in Des Moines, IA",0.370,2.8,0.2,6.8,25.8,24.6,58684,725,21.5,27.9,55.4,21.1,32.4,3.5,26.3,63.6,18.4,923,505,418,"Demoine,Des Moines, IA","(None, None)",,
"Dewey Heights neighborhood in Des Moines, IA",0.027,29.0,0.6,2.0,29.8,49.6,41402,839,17.1,28.7,64.8,18.6,3.6,0.1,29.1,73.1,3.0,169,82,87,"Dewey Heights,Des Moines, IA","(None, None)",,
"Diagonal Acres neighborhood in Des Moines, IA",0.116,2.8,1.7,2.1,37.1,36.5,59191,778,14.0,21.4,70.4,22.7,0.0,0.8,39.3,58.2,10.1,69,32,37,"Diagonal Acres,Des Moines, IA","(40.8530822, -91.1053705)",40.8530822,-91.1053705
"Dodge Heights neighborhood in Des Moines, IA",0.016,2.7,1.2,1.9,27.0,35.5,40671,649,19.4,8.8,67.9,22.3,12.0,0.1,41.2,81.3,18.3,91,44,47,"Dodge Heights,Des Moines, IA","(None, None)",,
"Doudna Heights neighborhood in Des Moines, IA",0.009,33.0,1.0,1.9,36.6,26.5,45673,664,20.2,10.3,50.9,18.8,23.3,1.6,41.7,86.0,6.4,68,31,37,"Doudna Heights,Des Moines, IA","(None, None)",,
"Douglas Acres neighborhood in Des Moines, IA",1.690,2.4,1.6,2.4,34.9,36.8,46648,643,15.0,16.7,75.5,14.9,1.2,0.8,42.7,60.5,14.7,3,1808,1833,"Douglas Acres,Des Moines, IA","(None, None)",,
"Downtown Des Moines neighborhood in Des Moines, IA",1.219,1.4,0.9,1.7,37.7,39.2,34279,690,29.2,28.0,44.4,31.2,10.2,3.4,12.0,63.7,70.6,2,1182,1217,"Downtown Des Moines,Des Moines, IA","(41.5872235, -93.6250651)",41.5872235,-93.6250651
"Downtown neighborhood in Des Moines, IA",0.974,2.0,0.9,2.4,32.8,34.6,31674,617,24.0,24.8,44.5,31.1,3.7,3.4,14.6,66.7,65.2,2,1158,1134,"Downtown,Des Moines, IA","(41.5872235, -93.6250651)",41.5872235,-93.6250651
"Downtown Farmers Market neighborhood in Des Moines, IA",0.035,1.4,0.9,1.7,32.9,29.8,31629,686,30.5,30.1,44.4,31.2,7.1,3.4,9.6,63.4,192.1,127,64,62,"Downtown Farmers Market,Des Moines, IA","(None, None)",,
"Drake neighborhood in Des Moines, IA",1.546,3.8,1.3,1.8,32.3,33.6,51726,743,29.7,25.5,54.3,29.8,5.2,2.2,27.8,70.1,14.6,12,5932,6425,"Drake,Des Moines, IA","(40.8108027, -91.1004624)",40.8108027,-91.1004624
"Drake Park neighborhood in Des Moines, IA",0.106,1.8,0.8,1.7,34.6,26.2,35489,449,32.7,15.5,45.6,24.1,,1.6,22.6,89.4,33.8,273,102,171,"Drake Park,Des Moines, IA","(41.5970682, -93.6489401747148)",41.5970682,-93.6489401747148
"Drake University neighborhood in Des Moines, IA",0.313,2.8,1.2,1.8,27.4,26.9,36726,593,28.3,31.0,49.9,25.9,12.8,2.1,14.0,72.1,22.5,3,1796,1540,"Drake University,Des Moines, IA","(41.60307425, -93.6552741986389)",41.60307425,-93.6552741986389
"Earlwood Acres neighborhood in Des Moines, IA",0.004,23.0,1.6,1.8,37.4,38.4,68462,715,14.1,16.3,79.2,18.4,0.0,0.2,43.4,82.5,5.8,23,11,12,"Earlwood Acres,Des Moines, IA","(None, None)",,
"East Capital Park neighborhood in Des Moines, IA",0.047,3.2,1.0,2.1,31.0,35.6,34831,560,13.4,17.9,51.9,18.1,13.3,1.4,41.9,67.4,11.2,237,122,115,"East Capital Park,Des Moines, IA","(None, None)",,
"East End neighborhood in Des Moines, IA",0.023,3.0,3.4,1.7,41.8,39.9,39286,744,18.2,25.1,64.8,18.6,0.0,0.1,41.8,41.2,8.7,14,6,7,"East End,Des Moines, IA","(None, None)",,
"East Fort Des Moines neighborhood in Des Moines, IA",0.095,2.8,0.9,6.1,25.8,24.6,58684,725,21.5,27.9,44.4,31.2,31.3,3.4,26.3,68.5,18.4,237,129,107,"East Fort Des Moines,Des Moines, IA","(41.5202677, -93.6157731)",41.5202677,-93.6157731
"East Village neighborhood in Des Moines, IA",0.543,2.9,2.8,83.9,26.5,24.4,33645,723,21.5,27.9,44.8,30.7,31.9,3.4,26.3,94.4,18.4,1,744,618,"East Village,Des Moines, IA","(41.5899386, -93.6128492)",41.5899386,-93.6128492
"Easter Lake neighborhood in Des Moines, IA",2.015,2.8,1.8,2.1,35.1,42.4,70295,839,8.5,17.5,70.4,22.7,0.8,0.8,61.9,76.2,2.0,2,1563,1423,"Easter Lake,Des Moines, IA","(41.5394346, -93.5511785077893)",41.5394346,-93.5511785077893
"Eastwood Village neighborhood in Des Moines, IA",0.023,2.2,1.4,2.1,50.0,52.8,49747,752,7.2,10.1,83.7,14.2,0.0,0.2,49.2,61.0,22.1,28,13,14,"Eastwood Village,Des Moines, IA","(None, None)",,
"Edgewater neighborhood in Des Moines, IA",0.099,2.5,1.2,2.1,36.5,41.2,66482,605,8.9,16.2,81.1,14.7,0.0,0.4,54.8,66.0,4.9,136,75,61,"Edgewater,Des Moines, IA","(40.8557497, -91.0842933)",40.8557497,-91.0842933
"Edgewood Park neighborhood in Des Moines, IA",0.016,4.1,1.2,1.5,15.8,30.5,34583,582,21.0,15.8,62.2,22.3,5.2,1.3,42.6,88.5,10.8,144,65,78,"Edgewood Park,Des Moines, IA","(None, None)",,
"Ellis Heights neighborhood in Des Moines, IA",0.007,2.5,1.2,2.1,34.8,39.5,59516,640,9.4,30.8,78.2,16.5,0.0,0.4,58.8,76.1,1.4,7,5,2,"Ellis Heights,Des Moines, IA","(None, None)",,
"Elm Grove neighborhood in Des Moines, IA",0.012,2.8,1.1,2.0,29.8,23.7,26321,600,27.9,28.6,45.1,23.7,14.0,1.6,24.3,68.7,18.3,297,142,154,"Elm Grove,Des Moines, IA","(None, None)",,
"Elmcrest neighborhood in Des Moines, IA",0.031,13.9,1.0,1.8,44.1,39.6,47062,734,13.7,3.9,65.0,29.2,0.7,0.0,51.3,58.6,15.5,155,54,100,"Elmcrest,Des Moines, IA","(None, None)",,
"Elmwood Park neighborhood in Des Moines, IA",0.125,2.7,1.5,2.3,41.8,34.8,55152,705,15.6,10.4,72.6,20.7,1.5,0.2,55.1,71.9,60.0,224,109,115,"Elmwood Park,Des Moines, IA","(None, None)",,
"Ernhurst Woods neighborhood in Des Moines, IA",0.021,2.2,1.2,2.0,36.8,39.9,78175,782,22.4,9.8,72.4,22.3,0.0,0.4,41.1,69.9,10.3,136,55,81,"Ernhurst Woods,Des Moines, IA","(None, None)",,
"Estey Heights neighborhood in Des Moines, IA",0.014,,,,,,,,,,,,,,,,,,,,"Estey Heights,Des Moines, IA","(None, None)",,
"Euclid Heights neighborhood in Des Moines, IA",0.231,8.9,1.0,1.8,35.6,32.8,55855,637,16.4,11.7,53.1,18.9,26.1,1.8,43.3,77.1,7.8,1,740,814,"Euclid Heights,Des Moines, IA","(None, None)",,
"Euclid Terrace neighborhood in Des Moines, IA",0.005,2.4,1.1,1.6,26.3,26.9,39031,566,2.8,16.6,61.8,19.3,17.2,2.6,46.9,62.0,11.8,34,17,16,"Euclid Terrace,Des Moines, IA","(None, None)",,
"Evergreen neighborhood in Des Moines, IA",0.222,,,,,,,,,,,,,,,,,,,,"Evergreen,Des Moines, IA","(41.5142826, -93.6497904)",41.5142826,-93.6497904
"Ewing Woods neighborhood in Des Moines, IA",0.054,,,,,,,,,,,,,,,,,,,,"Ewing Woods,Des Moines, IA","(None, None)",,
"Fagen Park neighborhood in Des Moines, IA",0.012,21.0,1.1,1.7,38.2,44.6,60223,609,14.3,18.8,69.5,27.8,0.0,0.0,40.2,67.0,9.4,48,24,24,"Fagen Park,Des Moines, IA","(None, None)",,
"Fagen Place neighborhood in Des Moines, IA",0.084,7.6,1.6,1.8,32.0,30.2,51467,721,27.3,25.7,52.0,35.1,2.9,3.1,28.4,70.2,7.3,472,237,234,"Fagen Place,Des Moines, IA","(41.620847, -93.67136)",41.620847,-93.67136
"Fair Oaks neighborhood in Des Moines, IA",0.038,2.3,1.3,1.7,32.5,32.0,58295,810,10.7,12.4,72.6,20.7,1.8,0.2,32.8,79.1,24.7,173,68,105,"Fair Oaks,Des Moines, IA","(None, None)",,
"Fairacres neighborhood in Des Moines, IA",0.021,2.0,1.1,1.8,35.7,42.6,83438,919,20.5,19.0,60.8,28.2,,1.3,38.8,80.0,10.4,74,35,38,"Fairacres,Des Moines, IA","(None, None)",,
"Fairfield neighborhood in Des Moines, IA",0.053,2.5,1.5,2.0,37.4,47.7,47574,643,7.5,13.9,77.1,13.1,0.0,0.5,43.9,72.8,21.7,9,4,4,"Fairfield,Des Moines, IA","(41.5219942, -93.6461961921132)",41.5219942,-93.6461961921132
"Fairground neighborhood in Des Moines, IA",0.915,2.9,1.6,1.9,34.7,38.2,43991,651,17.7,20.6,74.7,13.9,4.3,0.7,37.5,66.0,13.9,4,2286,2592,"Fairground,Des Moines, IA","(None, None)",,
"Fairground Estates neighborhood in Des Moines, IA",0.063,3.3,1.7,2.5,32.3,33.3,66554,645,19.5,17.7,77.1,13.1,0.0,0.5,31.6,70.0,18.7,76,36,39,"Fairground Estates,Des Moines, IA","(None, None)",,
"Fairlawn neighborhood in Des Moines, IA",0.018,3.5,1.3,2.3,35.3,33.5,48500,615,14.6,22.6,64.0,17.0,0.0,2.5,36.5,71.8,12.1,12,5,6,"Fairlawn,Des Moines, IA","(41.5138344, -93.6512662)",41.5138344,-93.6512662
"Fairmont Park neighborhood in Des Moines, IA",1.367,2.4,1.3,2.2,35.9,38.8,47264,692,12.5,21.2,74.6,18.4,3.7,0.6,35.7,65.8,10.8,4,2045,2003,"Fairmont Park,Des Moines, IA","(41.6228621, -93.569279893777)",41.6228621,-93.569279893777
"Fairmount Hills neighborhood in Des Moines, IA",0.027,2.2,0.7,2.0,36.6,47.4,41972,568,18.8,18.4,75.8,14.0,2.6,1.2,28.8,62.5,9.5,125,57,68,"Fairmount Hills,Des Moines, IA","(None, None)",,
"Fairview neighborhood in Des Moines, IA",0.062,2.6,1.5,1.8,34.4,38.9,42247,656,16.5,22.4,76.4,14.4,3.0,1.0,35.6,64.4,15.4,352,172,179,"Fairview,Des Moines, IA","(41.5910641, -93.6037149)",41.5910641,-93.6037149
"Fairview Heights neighborhood in Des Moines, IA",0.019,2.6,1.3,1.8,36.7,39.3,45240,607,13.1,19.1,72.6,20.7,4.2,0.2,30.2,61.4,11.2,72,40,31,"Fairview Heights,Des Moines, IA","(None, None)",,
"Fiscel Heights neighborhood in Des Moines, IA",0.008,2.3,1.8,2.2,45.6,47.8,55875,715,8.3,24.5,73.9,20.7,0.0,0.5,36.2,64.4,11.7,26,14,12,"Fiscel Heights,Des Moines, IA","(None, None)",,
"Fisher Field neighborhood in Des Moines, IA",0.072,2.5,1.5,2.0,37.4,47.7,47574,643,7.5,13.9,77.1,13.1,0.0,0.5,43.9,72.8,22.0,12,6,6,"Fisher Field,Des Moines, IA","(None, None)",,
"Five Oaks neighborhood in Des Moines, IA",0.013,3.8,2.4,2.2,19.6,19.6,30787,657,49.1,36.0,51.0,26.4,2.8,2.2,36.1,67.7,0.3,154,76,77,"Five Oaks,Des Moines, IA","(None, None)",,
"Fleetwood neighborhood in Des Moines, IA",0.016,2.3,1.7,1.9,36.7,37.4,81406,845,12.6,20.2,72.4,22.2,0.0,0.4,44.0,84.3,1.0,28,13,15,"Fleetwood,Des Moines, IA","(41.55187, -93.608333)",41.55187,-93.608333
"Flint Hills neighborhood in Des Moines, IA",0.015,2.0,2.2,1.8,47.4,45.4,49853,666,6.7,19.1,70.0,22.8,9.7,0.2,45.5,73.2,6.8,35,20,15,"Flint Hills,Des Moines, IA","(None, None)",,
"Floral Hill neighborhood in Des Moines, IA",0.012,2.2,1.0,2.0,34.9,30.5,39643,669,17.5,16.3,52.0,35.2,1.2,3.1,43.1,83.5,27.4,84,38,46,"Floral Hill,Des Moines, IA","(None, None)",,
"Forest Hills neighborhood in Des Moines, IA",0.013,2.2,1.2,1.8,45.8,44.8,63125,763,10.9,22.0,70.7,25.7,0.0,0.5,38.6,72.2,6.5,36,17,18,"Forest Hills,Des Moines, IA","(None, None)",,
"Forest Park neighborhood in Des Moines, IA",0.034,4.0,2.0,2.0,30.3,46.1,62894,730,17.3,27.9,51.1,21.1,17.9,0.0,52.5,52.9,7.4,207,111,95,"Forest Park,Des Moines, IA","(None, None)",,
"Forest Park neighborhood in Des Moines, IA",0.034,4.0,2.0,2.0,30.3,46.1,62894,730,17.3,27.9,51.1,21.1,17.9,0.0,52.5,52.9,7.4,207,111,95,"Forest Park,Des Moines, IA","(None, None)",,
"Forestdale neighborhood in Des Moines, IA",0.047,2.2,1.1,1.8,36.8,40.9,76965,919,20.5,19.0,60.9,28.2,2.4,1.3,38.8,80.0,10.4,170,81,89,"Forestdale,Des Moines, IA","(41.604734, -93.668781)",41.604734,-93.668781
"Four Mile neighborhood in Des Moines, IA",0.583,2.7,1.4,2.0,38.4,37.1,55753,774,18.0,16.2,83.0,12.9,0.0,0.2,42.5,71.3,3.1,2,1364,1312,"Four Mile,Des Moines, IA","(None, None)",,
"Freehold neighborhood in Des Moines, IA",0.150,24.0,9.0,1.9,51.0,47.0,56538,651,8.6,7.9,78.2,16.5,0.0,0.4,41.2,68.3,3.8,78,37,41,"Freehold,Des Moines, IA","(None, None)",,
"Frisbie Park neighborhood in Des Moines, IA",0.144,12.6,1.3,2.2,28.1,32.1,40303,678,18.2,17.4,61.8,22.0,3.0,5.2,45.7,76.8,15.6,276,127,149,"Frisbie Park,Des Moines, IA","(41.57479135, -93.7005099994303)",41.57479135,-93.7005099994303
"Garden neighborhood in Des Moines, IA",0.021,3.2,1.3,1.8,27.3,26.2,19688,662,27.3,20.1,51.1,21.1,3.6,0.0,30.5,36.1,11.4,120,50,69,"Garden,Des Moines, IA","(41.5148721, -93.6500967)",41.5148721,-93.6500967
"Gardena Heights neighborhood in Des Moines, IA",0.023,2.1,0.9,1.9,38.7,39.4,44179,628,16.4,11.4,81.3,13.6,0.0,0.0,40.0,75.3,16.0,75,33,42,"Gardena Heights,Des Moines, IA","(None, None)",,
"Garton West neighborhood in Des Moines, IA",0.122,2.6,13.3,15.1,43.9,44.3,48483,715,17.5,25.1,65.1,18.6,2.7,0.1,41.3,43.3,9.0,78,37,41,"Garton West,Des Moines, IA","(41.6049892, -93.5738275)",41.6049892,-93.5738275
"Ghrists Woods neighborhood in Des Moines, IA",0.012,2.1,0.8,1.9,48.4,56.8,102417,781,5.8,4.0,55.8,36.5,0.0,0.0,57.6,63.0,1.9,37,17,20,"Ghrists Woods,Des Moines, IA","(None, None)",,
"Glen Echo neighborhood in Des Moines, IA",0.103,9.2,2.1,2.0,42.7,43.4,76299,839,16.5,3.7,68.2,24.5,100.0,1.2,59.0,56.4,1.9,315,153,162,"Glen Echo,Des Moines, IA","(None, None)",,
"Glen Oaks neighborhood in Des Moines, IA",0.069,2.8,1.1,2.4,38.6,33.7,58637,639,9.4,13.9,50.9,18.8,14.9,1.6,45.3,76.3,19.2,379,158,221,"Glen Oaks,Des Moines, IA","(41.542898, -93.7786012857736)",41.542898,-93.7786012857736
"Glen Oaks neighborhood in West Des Moines, IA",0.736,,,,,,,,,,,,,,,,,,,,"Glen Oaks,West Des Moines, IA","(41.542898, -93.7786012857736)",41.542898,-93.7786012857736
"Glenora Heights neighborhood in Des Moines, IA",0.015,,,,,,,,,,,,,,,,,,,,"Glenora Heights,Des Moines, IA","(None, None)",,
"Goldridge neighborhood in Des Moines, IA",0.013,,,,,,,,,,,,,,,,,,,,"Goldridge,Des Moines, IA","(None, None)",,
"Golf  Country Club neighborhood in West Des Moines, IA",0.697,6.8,1.4,5.6,34.0,37.9,55357,881,15.1,22.2,67.6,21.7,4.8,0.4,40.9,60.5,11.4,1,899,827,"Golf  Country Club,West Des Moines, IA","(None, None)",,
"Goode Heights neighborhood in Des Moines, IA",0.012,2.5,1.2,2.1,34.8,39.5,59516,640,9.4,30.8,78.2,16.5,0.0,0.4,58.8,76.1,1.4,12,8,3,"Goode Heights,Des Moines, IA","(None, None)",,
"Governor's Square neighborhood in Des Moines, IA",0.009,2.5,1.4,1.8,28.6,23.5,27692,536,29.5,24.2,57.7,18.9,1.8,3.5,23.1,32.8,13.4,67,31,36,"Governor's Square,Des Moines, IA","(None, None)",,
"Granada Gardens neighborhood in Des Moines, IA",0.021,,,,,,,,,,,,,,,,,,,,"Granada Gardens,Des Moines, IA","(41.5148721, -93.6500967)",41.5148721,-93.6500967
"Grand Avenue Heights neighborhood in Des Moines, IA",0.041,2.0,1.1,2.1,40.0,47.7,37143,618,11.9,17.8,64.7,31.1,0.0,0.7,34.4,64.8,23.3,139,69,69,"Grand Avenue Heights,Des Moines, IA","(None, None)",,
"Grand Avenue Waterbury neighborhood in Des Moines, IA",0.028,2.5,1.8,1.8,40.8,40.6,100245,881,11.9,8.9,64.7,31.1,0.6,0.7,67.7,69.4,9.3,188,92,95,"Grand Avenue Waterbury,Des Moines, IA","(None, None)",,
"Grand Oaks neighborhood in West Des Moines, IA",0.097,,,,,,,,,,,,,,,,,,,,"Grand Oaks,West Des Moines, IA","(None, None)",,
"Grand Park neighborhood in Des Moines, IA",0.031,3.7,1.1,2.5,29.3,32.0,28715,521,17.1,28.2,61.5,20.5,6.3,1.4,19.0,34.5,16.8,244,132,111,"Grand Park,Des Moines, IA","(41.581225, -93.703351)",41.581225,-93.703351
"Grand View neighborhood in Des Moines, IA",0.133,8.5,2.2,2.1,41.9,50.3,58387,812,13.1,22.8,70.8,16.3,9.4,0.5,39.8,72.7,10.0,729,376,353,"Grand View,Des Moines, IA","(None, None)",,
"Grand View neighborhood in Des Moines, IA",0.133,8.5,2.2,2.1,41.9,50.3,58387,812,13.1,22.8,70.8,16.3,9.4,0.5,39.8,72.7,10.0,729,376,353,"Grand View,Des Moines, IA","(None, None)",,
"Grand View neighborhood in Des Moines, IA",0.133,8.5,2.2,2.1,41.9,50.3,58387,812,13.1,22.8,70.8,16.3,9.4,0.5,39.8,72.7,10.0,729,376,353,"Grand View,Des Moines, IA","(None, None)",,
"Grand View Heights neighborhood in Des Moines, IA",0.062,2.2,2.0,1.7,44.3,49.7,47693,910,6.8,25.2,73.9,20.7,0.7,0.5,45.3,76.1,7.0,312,178,134,"Grand View Heights,Des Moines, IA","(None, None)",,
"Grand Woods neighborhood in West Des Moines, IA",0.071,,,,,,,,,,,,,,,,,,,,"Grand Woods,West Des Moines, IA","(None, None)",,
"Grandshire neighborhood in Des Moines, IA",0.139,2.8,1.8,2.1,35.3,42.3,71754,839,8.2,17.5,70.4,22.7,0.0,0.8,61.9,76.2,1.9,213,111,101,"Grandshire,Des Moines, IA","(None, None)",,
"Grandshire Estates neighborhood in Des Moines, IA",0.005,2.8,1.8,2.1,35.3,42.3,71754,839,8.2,17.5,70.4,22.7,0.0,0.8,61.9,76.2,2.0,7,3,3,"Grandshire Estates,Des Moines, IA","(None, None)",,
"Grant Park neighborhood in Des Moines, IA",0.094,2.8,1.7,1.9,35.0,38.9,36622,694,16.1,18.2,74.8,13.9,2.7,0.7,35.9,70.8,8.5,490,216,273,"Grant Park,Des Moines, IA","(None, None)",,
"Grassmere neighborhood in Des Moines, IA",0.030,1.9,1.3,1.8,36.3,39.0,73750,719,16.3,16.9,79.2,18.4,0.0,0.2,39.1,89.4,9.5,150,69,80,"Grassmere,Des Moines, IA","(None, None)",,
"Gray Heights neighborhood in Des Moines, IA",0.060,2.6,2.4,1.7,34.5,37.1,48213,875,13.7,19.1,72.6,20.7,0.0,0.2,50.4,78.0,3.8,443,255,188,"Gray Heights,Des Moines, IA","(None, None)",,
"Gray's Wood neighborhood in Des Moines, IA",1.116,2.7,1.3,2.1,35.4,34.8,52666,685,15.0,13.9,72.7,20.7,3.7,0.2,41.7,66.1,35.8,2,1237,1182,"Gray's Wood,Des Moines, IA","(None, None)",,
"Greater South Side neighborhood in Des Moines, IA",2.976,2.3,1.5,2.0,37.2,40.6,50735,710,14.7,15.5,74.5,21.2,2.8,0.3,41.9,71.9,18.2,5,2626,2808,"Greater South Side,Des Moines, IA","(None, None)",,
"Green Ridge Knolls neighborhood in Des Moines, IA",0.073,,,,,,,,,,,,,,,,,,,,"Green Ridge Knolls,Des Moines, IA","(None, None)",,
"Greenwood neighborhood in Des Moines, IA",0.085,1.8,0.8,1.2,44.1,49.6,61725,583,21.5,19.8,63.9,24.9,3.3,2.0,13.9,43.6,21.0,434,198,235,"Greenwood,Des Moines, IA","(40.8367574, -91.1848859934322)",40.8367574,-91.1848859934322
"Greenwood Historic neighborhood in Des Moines, IA",0.307,2.0,0.9,1.9,49.7,55.2,81900,794,7.3,6.1,55.8,36.5,0.0,0.0,54.1,62.3,2.1,945,438,506,"Greenwood Historic,Des Moines, IA","(None, None)",,
"Grove Park neighborhood in Des Moines, IA",0.024,2.0,1.5,2.0,47.9,34.9,64773,608,15.6,13.7,79.2,18.4,2.4,0.2,44.6,69.3,7.9,88,38,50,"Grove Park,Des Moines, IA","(41.581225, -93.703351)",41.581225,-93.703351
"Gurnas Heights neighborhood in Des Moines, IA",0.003,23.0,16.5,1.2,57.4,51.6,91375,789,16.5,8.7,63.0,23.6,0.0,0.0,56.7,58.4,28.9,4,1,2,"Gurnas Heights,Des Moines, IA","(None, None)",,
"Haines Park neighborhood in Des Moines, IA",0.028,2.5,1.1,1.9,33.8,36.4,42100,848,16.4,18.6,56.6,34.6,0.0,0.0,36.1,59.7,50.7,84,39,45,"Haines Park,Des Moines, IA","(None, None)",,
"Hallett Acres neighborhood in Des Moines, IA",0.064,12.2,1.4,2.1,38.4,42.3,61860,709,16.0,13.8,68.2,24.6,1.7,1.2,51.3,64.9,2.1,318,157,161,"Hallett Acres,Des Moines, IA","(None, None)",,
"Harding Heights neighborhood in Des Moines, IA",0.016,19.7,1.0,2.1,34.6,29.1,54032,655,17.4,11.1,50.9,18.8,17.2,1.6,42.8,82.2,8.5,112,50,61,"Harding Heights,Des Moines, IA","(None, None)",,
"Harlan Park neighborhood in Des Moines, IA",0.012,2.8,1.1,2.0,29.8,23.7,26321,600,27.9,28.6,45.1,23.6,15.3,1.6,24.3,68.6,18.2,297,142,154,"Harlan Park,Des Moines, IA","(None, None)",,
"Hawkeye Sunrise neighborhood in Des Moines, IA",0.086,,,,,,,,,,,,,,,,,,,,"Hawkeye Sunrise,Des Moines, IA","(None, None)",,
"Heatherwood neighborhood in West Des Moines, IA",0.144,,,,,,,,,,,,,,,,,,,,"Heatherwood,West Des Moines, IA","(41.558239, -93.738136)",41.558239,-93.738136
"Hiatt Square neighborhood in Des Moines, IA",0.008,3.7,1.1,2.2,23.7,35.7,30972,694,15.4,21.7,49.9,16.1,0.0,0.8,32.7,61.6,8.2,36,18,18,"Hiatt Square,Des Moines, IA","(None, None)",,
"Hickman Highlands neighborhood in Des Moines, IA",0.062,1.4,0.9,1.6,44.8,63.7,42458,617,13.4,15.4,72.4,22.2,0.0,0.4,13.9,74.3,39.5,240,109,130,"Hickman Highlands,Des Moines, IA","(None, None)",,
"Hickory Ridge neighborhood in West Des Moines, IA",0.095,,,,,,,,,,,,,,,,,,,,"Hickory Ridge,West Des Moines, IA","(None, None)",,
"Hidden Creek neighborhood in West Des Moines, IA",0.107,,,,,,,,,,,,,,,,,,,,"Hidden Creek,West Des Moines, IA","(41.540447, -93.753617)",41.540447,-93.753617
"Highland Gardens neighborhood in Des Moines, IA",0.063,12.2,1.4,2.1,38.4,42.3,61860,709,16.0,13.8,68.2,24.5,1.7,1.2,51.3,64.9,2.1,319,158,161,"Highland Gardens,Des Moines, IA","(None, None)",,
"Highland Hills neighborhood in Des Moines, IA",0.092,,,,,,,,,,,,,,,,,,,,"Highland Hills,Des Moines, IA","(None, None)",,
"Highland Park neighborhood in Des Moines, IA",1.801,8.6,1.8,2.1,33.7,41.3,47413,740,14.4,20.5,64.9,15.7,10.8,1.4,39.7,66.8,13.9,9,4826,4939,"Highland Park,Des Moines, IA","(None, None)",,
"Hillcrest neighborhood in Des Moines, IA",0.032,2.3,1.2,1.9,39.4,43.6,40268,649,19.1,8.7,67.9,22.3,12.6,0.1,41.4,69.7,19.0,180,87,93,"Hillcrest,Des Moines, IA","(41.5910641, -93.6037149)",41.5910641,-93.6037149
"Hillside Heights neighborhood in Des Moines, IA",0.014,2.3,1.6,2.0,39.0,40.1,89659,685,13.5,11.5,72.3,25.2,0.0,0.9,55.0,65.3,9.1,27,14,13,"Hillside Heights,Des Moines, IA","(None, None)",,
"Historic Valley Junction neighborhood in Des Moines, IA",0.066,1.4,0.9,1.7,32.9,29.8,31629,686,30.5,30.1,44.4,31.2,7.9,3.4,9.6,63.4,192.7,239,122,117,"Historic Valley Junction,Des Moines, IA","(41.57280695, -93.7088918243443)",41.57280695,-93.7088918243443
"Hollandale neighborhood in Des Moines, IA",0.032,2.0,1.1,1.8,35.7,42.6,83438,919,20.5,19.0,60.8,28.2,2.7,1.3,38.8,80.0,10.4,115,55,60,"Hollandale,Des Moines, IA","(None, None)",,
"Hollywood neighborhood in Des Moines, IA",0.042,2.4,1.2,2.0,37.7,39.5,71790,781,22.5,9.7,72.4,22.2,0.0,0.4,41.1,69.7,10.4,280,112,167,"Hollywood,Des Moines, IA","(None, None)",,
"Homestead Acres neighborhood in Des Moines, IA",0.031,2.5,1.5,2.1,31.1,29.6,38235,615,13.9,27.5,61.9,21.2,4.8,0.1,39.7,67.6,14.9,136,70,66,"Homestead Acres,Des Moines, IA","(None, None)",,
"Homestead Manor neighborhood in Des Moines, IA",0.036,,,,,,,,,,,,,,,,,,,,"Homestead Manor,Des Moines, IA","(None, None)",,
"Hurd's Hickory Heights neighborhood in Des Moines, IA",0.055,,,,,,,,,,,,,,,,,,,,"Hurd's Hickory Heights,Des Moines, IA","(None, None)",,
"Hydepark neighborhood in Des Moines, IA",0.093,2.7,2.1,1.7,31.9,36.2,51810,760,13.9,19.5,74.7,17.3,2.5,0.6,46.0,70.8,3.4,568,303,265,"Hydepark,Des Moines, IA","(None, None)",,
"Hyperion Park neighborhood in Des Moines, IA",0.035,2.2,0.8,1.9,43.8,41.6,67708,535,9.7,12.9,71.5,25.0,0.0,0.4,44.4,80.7,7.0,84,41,42,"Hyperion Park,Des Moines, IA","(None, None)",,
"Indianola Hills neighborhood in Des Moines, IA",1.513,4.2,1.6,2.0,36.5,36.0,49036,709,14.8,13.3,77.2,15.9,1.5,0.5,40.6,67.5,12.3,5,2837,3137,"Indianola Hills,Des Moines, IA","(None, None)",,
"Ingersoll Oaks neighborhood in Des Moines, IA",0.027,2.3,1.7,1.8,42.0,46.7,94552,880,11.9,8.9,64.7,31.1,0.6,0.7,67.6,69.4,9.3,181,89,91,"Ingersoll Oaks,Des Moines, IA","(41.58679435, -93.67066835)",41.58679435,-93.67066835
"Ingersoll Park neighborhood in Des Moines, IA",0.176,2.3,1.3,1.9,41.2,40.4,79714,741,13.4,2.7,64.8,31.0,0.5,0.7,52.2,75.3,12.4,797,314,483,"Ingersoll Park,Des Moines, IA","(None, None)",,
"Ingle-Wold neighborhood in Des Moines, IA",0.028,14.0,2.0,2.0,32.6,39.6,50029,638,17.3,27.9,51.2,21.1,12.8,0.0,52.5,53.0,7.4,174,93,80,"Ingle-Wold,Des Moines, IA","(None, None)",,
"Ingleside neighborhood in Des Moines, IA",0.038,4.3,2.0,3.0,29.9,23.0,30455,550,25.7,19.0,51.0,26.4,17.9,2.2,39.1,58.8,5.9,363,182,181,"Ingleside,Des Moines, IA","(None, None)",,
"Jefferson Heights neighborhood in Des Moines, IA",0.075,2.6,1.4,2.3,28.2,31.7,39370,739,27.1,15.3,75.9,12.3,0.9,0.3,38.5,71.3,21.4,362,163,198,"Jefferson Heights,Des Moines, IA","(None, None)",,
"Jefferson Park neighborhood in Des Moines, IA",0.015,,,,,,,,,,,,,,,,,,,,"Jefferson Park,Des Moines, IA","(None, None)",,
"Johnson-Smith Heights neighborhood in Des Moines, IA",0.027,29.0,0.6,2.0,29.8,49.6,41402,839,17.1,28.7,64.8,18.6,3.6,0.1,29.1,73.1,3.0,172,83,88,"Johnson-Smith Heights,Des Moines, IA","(None, None)",,
"Jordan Glen neighborhood in West Des Moines, IA",0.011,2.3,1.8,2.2,40.2,45.8,79797,943,14.2,16.5,71.7,22.2,0.0,0.9,53.6,68.5,9.8,50,26,24,"Jordan Glen,West Des Moines, IA","(41.57105345, -93.7477402879291)",41.57105345,-93.7477402879291
"Jordan Grove neighborhood in West Des Moines, IA",0.196,2.3,1.8,2.2,40.2,45.8,79797,943,14.2,16.5,71.7,22.2,0.0,0.9,53.6,68.5,9.8,891,463,428,"Jordan Grove,West Des Moines, IA","(41.567487, -93.744033)",41.567487,-93.744033
"Jordan Manor neighborhood in Des Moines, IA",0.016,2.4,1.1,1.8,28.9,42.7,26350,641,23.6,15.2,67.9,22.3,2.9,0.1,18.0,80.8,26.8,70,26,43,"Jordan Manor,Des Moines, IA","(None, None)",,
"Jordan Park neighborhood in West Des Moines, IA",0.162,,,,,,,,,,,,,,,,,,,,"Jordan Park,West Des Moines, IA","(41.5315804, -93.6043481533353)",41.5315804,-93.6043481533353
"Jordan Pointe neighborhood in West Des Moines, IA",0.026,2.3,1.8,2.2,40.2,45.8,79797,943,14.2,16.5,71.7,22.2,0.0,0.9,53.6,68.5,9.8,116,60,56,"Jordan Pointe,West Des Moines, IA","(41.5707385, -93.7413345818466)",41.5707385,-93.7413345818466
"Joy Heights neighborhood in Des Moines, IA",0.015,2.3,1.8,2.2,45.6,47.8,55875,715,8.3,24.5,73.9,20.7,2.2,0.5,36.2,64.4,11.6,51,27,23,"Joy Heights,Des Moines, IA","(None, None)",,
"Kemming Acres neighborhood in Des Moines, IA",0.023,2.7,1.8,2.0,34.3,38.8,67763,839,16.5,3.1,68.2,24.5,1.5,1.2,59.2,56.2,1.3,73,35,37,"Kemming Acres,Des Moines, IA","(None, None)",,
"Kendallwood neighborhood in Des Moines, IA",0.023,2.2,1.1,2.4,25.0,31.3,38555,786,30.6,23.7,61.6,22.1,0.0,0.0,27.9,52.1,32.4,11,4,7,"Kendallwood,Des Moines, IA","(41.556671, -93.655603)",41.556671,-93.655603
"Kenmore neighborhood in Des Moines, IA",0.011,2.2,0.8,1.9,43.8,41.6,67708,535,9.7,12.9,71.5,25.0,0.0,0.4,44.4,80.7,6.9,27,13,13,"Kenmore,Des Moines, IA","(None, None)",,
"Kimble Acres neighborhood in Des Moines, IA",0.112,4.7,22.3,3.9,42.8,40.1,74406,684,16.5,8.9,63.2,23.5,10.4,0.6,56.1,59.0,26.2,193,85,108,"Kimble Acres,Des Moines, IA","(None, None)",,
"King-irving Park neighborhood in Des Moines, IA",0.392,5.1,1.2,1.7,30.1,28.9,32254,623,21.4,19.7,56.2,21.7,6.6,0.6,33.6,58.6,14.9,2,1201,1407,"King-irving Park,Des Moines, IA","(None, None)",,
"Kingman Acres neighborhood in Des Moines, IA",0.260,1.8,1.2,1.6,47.9,31.9,59661,672,22.2,14.8,64.8,19.4,,0.7,35.7,71.5,27.9,993,441,552,"Kingman Acres,Des Moines, IA","(None, None)",,
"Kingman Highlands neighborhood in Des Moines, IA",0.020,2.6,1.2,1.9,32.3,32.5,46462,731,16.5,15.7,64.8,19.4,4.1,0.7,39.8,73.3,13.9,107,54,53,"Kingman Highlands,Des Moines, IA","(None, None)",,
"Kingman Place neighborhood in Des Moines, IA",0.064,2.3,1.4,1.5,22.4,26.1,22974,535,30.3,33.1,52.0,35.1,10.1,3.1,11.1,83.9,8.6,625,325,299,"Kingman Place,Des Moines, IA","(None, None)",,
"Kingman Place Historic District neighborhood in Des Moines, IA",0.040,2.3,1.4,1.6,27.1,27.8,29257,542,29.5,32.0,50.7,33.0,10.9,2.8,13.7,83.8,11.7,381,196,184,"Kingman Place Historic District,Des Moines, IA","(None, None)",,
"Kingsdale neighborhood in Des Moines, IA",0.032,2.0,1.1,1.8,35.7,42.6,83438,919,20.5,19.0,60.8,28.2,1.8,1.3,38.8,80.0,10.4,112,53,58,"Kingsdale,Des Moines, IA","(None, None)",,
"Kirkwood Glen neighborhood in Des Moines, IA",0.074,2.4,0.9,2.0,21.2,20.1,20852,541,25.8,27.3,51.0,26.4,100.0,2.2,9.5,80.4,33.3,658,338,319,"Kirkwood Glen,Des Moines, IA","(None, None)",,
"Kirkwood Heights neighborhood in Des Moines, IA",0.018,2.2,1.4,1.9,36.8,51.0,61474,740,7.8,16.3,69.5,26.8,4.5,0.3,49.5,65.2,2.4,23,12,10,"Kirkwood Heights,Des Moines, IA","(None, None)",,
"Knollwood neighborhood in Des Moines, IA",0.012,2.1,0.8,1.9,48.4,56.8,102417,781,5.8,4.0,55.8,36.5,0.0,0.0,57.6,63.0,1.9,36,17,19,"Knollwood,Des Moines, IA","(None, None)",,
"Lafayette Square neighborhood in Des Moines, IA",0.016,2.2,0.8,1.9,43.8,41.6,67708,535,9.7,12.9,71.5,25.0,0.0,0.4,44.4,80.7,7.0,40,19,20,"Lafayette Square,Des Moines, IA","(None, None)",,
"Lake Park neighborhood in Des Moines, IA",0.145,3.5,2.5,2.1,26.9,39.3,47759,818,15.0,15.7,68.0,17.1,16.0,0.5,48.0,61.6,15.7,1,716,737,"Lake Park,Des Moines, IA","(None, None)",,
"Laurel Hill neighborhood in Des Moines, IA",1.078,3.0,1.6,2.2,34.7,40.0,57725,644,13.0,15.6,77.1,13.1,1.3,0.5,38.9,71.8,20.9,329,166,162,"Laurel Hill,Des Moines, IA","(None, None)",,
"Lawn Arbor neighborhood in Des Moines, IA",0.059,2.1,0.9,1.9,38.7,39.4,44179,628,16.4,11.4,81.3,13.6,0.0,0.0,40.0,75.3,15.8,273,120,153,"Lawn Arbor,Des Moines, IA","(None, None)",,
"Lawnwoods neighborhood in Des Moines, IA",0.058,15.4,1.7,2.1,32.9,30.3,46262,864,18.5,17.8,61.8,19.3,9.5,2.6,64.8,91.8,8.0,475,224,251,"Lawnwoods,Des Moines, IA","(41.631559, -93.661617)",41.631559,-93.661617
"Lesan Heights neighborhood in Des Moines, IA",0.017,2.8,1.8,2.1,35.3,42.3,71754,839,8.2,17.5,70.4,22.7,0.0,0.8,61.9,76.2,2.0,25,13,12,"Lesan Heights,Des Moines, IA","(None, None)",,
"Leverett Park neighborhood in Des Moines, IA",0.033,2.4,2.0,1.7,36.0,48.3,46625,910,6.8,25.2,73.9,20.7,2.5,0.5,45.3,76.1,7.0,167,95,71,"Leverett Park,Des Moines, IA","(None, None)",,
"Lincoln Park neighborhood in Des Moines, IA",0.016,3.5,1.3,2.3,35.3,33.5,48500,642,14.6,22.6,77.1,13.1,0.0,0.5,36.5,71.8,13.0,10,5,5,"Lincoln Park,Des Moines, IA","(None, None)",,
"Lincoln Place neighborhood in Des Moines, IA",0.082,2.0,0.9,1.9,49.7,55.2,81900,793,7.2,6.1,55.8,36.5,0.0,0.0,54.1,62.3,2.1,251,116,134,"Lincoln Place,Des Moines, IA","(None, None)",,
"Linden Heights neighborhood in Des Moines, IA",0.286,2.4,1.5,2.0,36.6,40.9,73487,686,13.8,11.8,71.5,25.1,0.0,0.9,54.4,65.8,9.7,567,284,282,"Linden Heights,Des Moines, IA","(None, None)",,
"Linwood Park neighborhood in Des Moines, IA",0.016,2.6,1.8,1.8,40.4,33.9,55109,779,21.2,21.4,60.8,28.2,1.3,1.3,25.9,41.7,1.5,81,40,41,"Linwood Park,Des Moines, IA","(None, None)",,
"Lockhart Park neighborhood in Des Moines, IA",0.016,21.0,1.1,1.7,38.2,44.6,60223,609,14.3,18.8,69.5,27.8,0.0,0.0,40.2,67.0,9.4,65,33,32,"Lockhart Park,Des Moines, IA","(None, None)",,
"Longacre neighborhood in Des Moines, IA",0.165,2.1,1.2,1.8,36.6,34.7,31902,605,16.1,14.2,81.1,14.7,0.0,0.4,36.5,50.8,6.3,207,113,93,"Longacre,Des Moines, IA","(None, None)",,
"Longley neighborhood in Des Moines, IA",0.027,2.3,1.4,1.7,37.3,37.8,53447,912,12.5,21.0,65.0,29.2,0.0,0.3,34.9,81.7,15.7,73,37,35,"Longley,Des Moines, IA","(None, None)",,
"Lower Beaver neighborhood in Des Moines, IA",1.475,9.6,1.3,1.9,37.7,37.6,59012,720,12.0,13.7,65.5,22.4,10.4,1.8,56.8,71.3,9.6,5,2567,2527,"Lower Beaver,Des Moines, IA","(41.629981, -93.662554)",41.629981,-93.662554
"Lynner Heights neighborhood in Des Moines, IA",0.027,2.4,1.1,1.6,26.3,26.9,39031,566,2.8,16.6,61.8,19.3,23.4,2.6,46.9,62.0,11.8,172,90,82,"Lynner Heights,Des Moines, IA","(None, None)",,
"Lyons Park neighborhood in Des Moines, IA",0.089,6.3,1.4,1.7,28.8,28.4,41864,569,28.3,30.1,52.1,35.0,7.8,3.1,17.9,82.3,15.3,812,411,400,"Lyons Park,Des Moines, IA","(None, None)",,
"M.l. King Jr. Park neighborhood in Des Moines, IA",0.588,.,1.0,2.1,30.5,33.5,38581,587,.,.,52.0,.,.,1.3,39.9,.,.,2,1431,1378,"M.l. King Jr. Park,Des Moines, IA","(None, None)",,
"Magnolia Park neighborhood in Des Moines, IA",0.252,6.7,1.1,2.2,38.4,37.1,52063,676,13.2,19.8,62.0,21.2,9.7,0.1,45.2,68.2,12.6,2,1244,1112,"Magnolia Park,Des Moines, IA","(None, None)",,
"Maplenol Heights neighborhood in West Des Moines, IA",0.075,,,,,,,,,,,,,,,,,,,,"Maplenol Heights,West Des Moines, IA","(None, None)",,
"Mapleton neighborhood in Des Moines, IA",0.014,2.7,1.2,2.3,28.5,40.4,44028,622,11.3,13.6,75.9,12.3,0.0,0.3,37.6,55.8,8.7,45,22,22,"Mapleton,Des Moines, IA","(None, None)",,
"Market Gardens neighborhood in Des Moines, IA",0.067,2.6,1.2,2.1,36.2,33.9,54786,684,25.5,18.7,83.9,14.2,0.0,0.2,27.9,64.9,9.2,182,86,95,"Market Gardens,Des Moines, IA","(None, None)",,
"Marric Trails neighborhood in Des Moines, IA",0.047,,,,,,,,,,,,,,,,,,,,"Marric Trails,Des Moines, IA","(None, None)",,
"Martha Hall Heights neighborhood in Des Moines, IA",0.021,2.7,1.3,2.0,31.7,43.2,47143,712,10.5,19.3,66.4,14.9,14.8,0.5,51.4,59.7,5.5,130,68,61,"Martha Hall Heights,Des Moines, IA","(None, None)",,
"Mary Oaks neighborhood in Des Moines, IA",0.019,21.0,1.1,1.7,38.2,44.6,60223,609,14.3,18.8,69.5,27.8,0.0,0.0,40.2,67.0,9.4,45,23,22,"Mary Oaks,Des Moines, IA","(41.602704, -93.630583)",41.602704,-93.630583
"Maryland Heights neighborhood in West Des Moines, IA",0.040,1.7,1.0,1.4,37.0,56.2,46484,630,16.6,8.9,66.7,21.0,0.7,0.8,30.6,75.3,26.0,142,60,82,"Maryland Heights,West Des Moines, IA","(None, None)",,
"Maryland Park neighborhood in Des Moines, IA",0.063,1.9,1.3,1.8,36.3,39.0,73750,719,16.3,16.9,79.2,18.4,0.0,0.2,39.1,89.4,9.4,313,144,168,"Maryland Park,Des Moines, IA","(41.616233, -93.675094)",41.616233,-93.675094
"Maryland Triangle neighborhood in West Des Moines, IA",0.001,1.7,1.0,1.4,37.0,56.2,46484,630,16.6,8.9,66.7,21.0,0.0,0.8,30.6,75.3,26.1,5,2,2,"Maryland Triangle,West Des Moines, IA","(None, None)",,
"McKinley Heights neighborhood in Des Moines, IA",0.289,2.8,1.2,2.1,32.5,34.8,47309,648,19.0,9.3,65.5,21.8,10.1,0.1,43.0,69.8,18.2,1,650,768,"McKinley Heights,Des Moines, IA","(None, None)",,
"Meadow Brook neighborhood in West Des Moines, IA",0.222,,,,,,,,,,,,,,,,,,,,"Meadow Brook,West Des Moines, IA","(None, None)",,
"Meadow Point neighborhood in West Des Moines, IA",0.264,2.5,1.8,2.1,39.0,42.0,88138,838,12.4,13.9,71.6,22.2,0.2,0.9,58.7,68.0,6.2,1,619,655,"Meadow Point,West Des Moines, IA","(None, None)",,
"Meadow Rose neighborhood in Des Moines, IA",0.007,,,,,,,,,,,,,,,,,,,,"Meadow Rose,Des Moines, IA","(None, None)",,
"Meadow Vista neighborhood in West Des Moines, IA",0.059,,,,,,,,,,,,,,,,,,,,"Meadow Vista,West Des Moines, IA","(None, None)",,
"Meadowland neighborhood in Des Moines, IA",0.017,23.0,16.5,1.2,57.4,51.6,91375,789,16.5,8.7,63.0,23.6,7.1,0.0,56.7,58.4,27.7,28,12,15,"Meadowland,Des Moines, IA","(None, None)",,
"Meredith neighborhood in Des Moines, IA",0.879,3.8,15.6,3.7,44.9,39.4,67106,686,12.8,14.5,63.0,23.6,11.4,0.3,57.0,62.7,13.8,1,633,829,"Meredith,Des Moines, IA","(41.64473285, -93.694572653545)",41.64473285,-93.694572653545
"Merle Hay neighborhood in Des Moines, IA",2.406,4.8,1.3,1.7,40.4,39.3,59015,775,21.5,18.3,69.4,19.9,10.6,0.6,36.5,76.1,24.3,13,6348,6738,"Merle Hay,Des Moines, IA","(41.6317079, -93.7013330391806)",41.6317079,-93.7013330391806
"Mesa Park neighborhood in Des Moines, IA",0.022,2.1,1.5,1.7,31.3,37.0,54797,905,17.8,24.3,75.9,19.1,0.0,0.5,32.1,82.7,16.4,121,61,59,"Mesa Park,Des Moines, IA","(None, None)",,
"Middlesex neighborhood in Des Moines, IA",0.063,1.7,1.1,1.7,34.2,40.9,47356,760,13.7,19.3,63.9,24.9,5.0,2.0,25.1,46.3,47.9,371,182,188,"Middlesex,Des Moines, IA","(None, None)",,
"Miller Heights neighborhood in Des Moines, IA",0.044,1.9,4.2,0.9,38.2,42.7,73295,640,9.2,7.4,63.9,24.9,4.3,2.0,44.3,78.0,6.1,239,124,115,"Miller Heights,Des Moines, IA","(None, None)",,
"Mitchell-Hawkins Estates neighborhood in Des Moines, IA",0.094,,,,,,,,,,,,,,,,,,,,"Mitchell-Hawkins Estates,Des Moines, IA","(None, None)",,
"Mondamin Presidential neighborhood in Des Moines, IA",0.270,6.6,1.7,2.4,25.9,29.1,34890,690,17.2,22.8,51.2,21.2,15.3,0.1,34.3,54.8,8.9,2,1027,1107,"Mondamin Presidential,Des Moines, IA","(None, None)",,
"Monterey Park neighborhood in Des Moines, IA",0.082,2.7,1.8,2.0,34.3,38.8,67763,839,16.5,3.1,68.2,24.5,25.0,1.2,59.2,56.2,1.3,269,131,137,"Monterey Park,Des Moines, IA","(None, None)",,
"Morningside neighborhood in Des Moines, IA",0.061,2.6,1.5,2.3,28.1,28.0,37383,767,28.4,15.2,75.9,12.3,1.1,0.3,40.5,72.2,22.6,296,130,165,"Morningside,Des Moines, IA","(40.8013917, -91.1305911)",40.8013917,-91.1305911
"Morton View neighborhood in Des Moines, IA",0.027,2.6,2.0,2.1,36.7,42.6,50497,692,12.9,29.6,66.4,14.9,2.6,0.5,33.7,61.7,11.5,176,102,73,"Morton View,Des Moines, IA","(41.619558, -93.570821)",41.619558,-93.570821
"Mountain Place neighborhood in West Des Moines, IA",0.125,2.5,8.3,1.1,43.0,43.5,64773,751,17.9,23.0,66.7,21.0,0.7,0.8,41.8,66.1,16.2,306,159,146,"Mountain Place,West Des Moines, IA","(None, None)",,
"Murray Hill neighborhood in Des Moines, IA",0.027,2.9,2.2,2.4,43.2,34.5,54233,681,12.0,24.1,50.9,18.8,12.2,1.6,31.8,77.7,18.6,43,23,20,"Murray Hill,Des Moines, IA","(None, None)",,
"Murrow Hill neighborhood in West Des Moines, IA",0.033,2.5,1.7,2.0,38.4,34.5,73571,775,18.6,7.3,66.7,21.0,0.0,0.8,53.8,68.3,3.9,105,51,53,"Murrow Hill,West Des Moines, IA","(None, None)",,
"Murrowdale neighborhood in West Des Moines, IA",0.073,2.1,1.7,2.0,37.6,46.2,58908,774,18.6,7.3,66.7,21.0,0.4,0.8,53.7,68.4,3.9,232,114,118,"Murrowdale,West Des Moines, IA","(None, None)",,
"Newby Acres neighborhood in Des Moines, IA",0.020,,,,,,,,,,,,,,,,,,,,"Newby Acres,Des Moines, IA","(None, None)",,
"North Des Moines neighborhood in Des Moines, IA",0.091,4.7,1.3,1.8,39.7,38.1,28646,963,27.3,20.1,51.1,23.1,6.2,0.8,30.5,36.1,11.3,536,226,309,"North Des Moines,Des Moines, IA","(None, None)",,
"North Madison Park neighborhood in Des Moines, IA",0.016,2.0,2.2,1.8,47.4,45.4,49853,666,6.7,19.1,69.9,22.9,8.6,0.2,45.5,73.2,6.9,37,21,16,"North Madison Park,Des Moines, IA","(None, None)",,
"North Oak Park neighborhood in Des Moines, IA",0.086,2.5,0.8,2.2,38.3,40.7,49308,614,10.6,22.9,69.9,22.9,1.1,0.2,44.3,64.4,2.4,606,330,276,"North Oak Park,Des Moines, IA","(None, None)",,
"North Of Grand neighborhood in Des Moines, IA",0.446,1.9,1.3,1.2,41.5,45.7,66082,636,19.7,16.6,63.8,25.0,2.5,2.0,22.6,61.6,21.8,2,1299,1464,"North Of Grand,Des Moines, IA","(None, None)",,
"North University Park neighborhood in Des Moines, IA",0.016,3.2,2.4,2.2,25.9,23.9,38179,657,49.1,36.0,51.0,26.4,1.8,2.2,36.1,67.6,0.3,183,90,92,"North University Park,Des Moines, IA","(None, None)",,
"North Washington Place neighborhood in Des Moines, IA",0.029,3.8,1.8,2.7,26.1,27.9,42853,723,14.4,21.9,51.1,21.1,18.4,0.0,29.8,61.2,8.8,269,129,140,"North Washington Place,Des Moines, IA","(None, None)",,
"Northacre neighborhood in Des Moines, IA",0.138,2.7,1.3,2.2,37.4,39.2,76243,640,9.4,30.6,78.2,16.5,0.0,0.4,59.0,75.9,1.4,142,97,45,"Northacre,Des Moines, IA","(None, None)",,
"Northmoreland neighborhood in Des Moines, IA",0.032,4.4,2.5,2.1,26.0,29.3,40593,819,15.0,15.7,66.4,14.9,15.9,0.5,48.0,61.7,15.8,319,157,162,"Northmoreland,Des Moines, IA","(None, None)",,
"Northwestern Heights neighborhood in Des Moines, IA",0.023,3.7,6.3,1.8,30.9,27.1,19688,662,17.8,12.0,62.1,22.3,1.1,1.3,41.6,70.3,13.8,102,60,42,"Northwestern Heights,Des Moines, IA","(None, None)",,
"Norwood Park neighborhood in Des Moines, IA",0.043,3.5,1.8,2.7,23.6,31.1,42853,724,14.4,21.9,51.1,21.1,18.5,0.0,29.8,61.2,8.8,399,191,208,"Norwood Park,Des Moines, IA","(None, None)",,
"Nuttall Acres neighborhood in West Des Moines, IA",0.209,2.1,1.3,1.9,36.6,46.6,48602,676,4.7,19.1,67.0,18.7,9.3,1.3,38.8,54.7,6.3,1,619,507,"Nuttall Acres,West Des Moines, IA","(None, None)",,
"Oak Groves neighborhood in Des Moines, IA",0.019,21.0,1.1,1.7,38.2,44.6,60223,609,14.3,18.8,69.5,27.8,0.0,0.0,40.2,67.0,9.3,95,48,47,"Oak Groves,Des Moines, IA","(None, None)",,
"Oak Heights neighborhood in Des Moines, IA",0.040,2.7,1.2,2.3,28.5,40.4,44028,622,11.3,13.6,75.9,12.3,3.4,0.3,37.6,55.8,8.7,129,65,64,"Oak Heights,Des Moines, IA","(None, None)",,
"Oak Hill neighborhood in Des Moines, IA",0.113,2.5,1.1,2.4,25.5,32.3,30586,614,12.9,14.0,75.9,12.3,2.3,0.3,36.1,56.9,9.9,386,193,192,"Oak Hill,Des Moines, IA","(None, None)",,
"Oak-Lawn neighborhood in Des Moines, IA",0.057,2.4,1.1,2.1,41.3,42.3,97105,618,11.9,12.1,64.7,31.1,0.0,0.7,49.3,77.2,11.2,200,92,108,"Oak-Lawn,Des Moines, IA","(None, None)",,
"Oak Park neighborhood in Des Moines, IA",1.194,2.5,1.3,2.1,38.7,38.4,52076,631,9.6,22.6,69.9,22.9,3.7,0.2,43.2,65.6,3.2,6,3329,2700,"Oak Park,Des Moines, IA","(None, None)",,
"Oakland neighborhood in Des Moines, IA",0.058,2.4,1.0,1.7,38.1,48.9,26962,550,13.1,33.6,60.1,16.7,10.8,1.4,10.8,73.3,30.5,484,282,201,"Oakland,Des Moines, IA","(41.60875, -93.623577)",41.60875,-93.623577
"Oakland Heights neighborhood in Des Moines, IA",0.017,2.6,1.0,2.0,32.9,34.7,49300,626,12.3,20.9,69.9,22.9,0.0,0.2,37.7,65.2,17.2,28,14,13,"Oakland Heights,Des Moines, IA","(None, None)",,
"Oakridge neighborhood in Des Moines, IA",0.047,1.6,0.8,1.7,32.8,38.6,30053,450,32.3,15.5,58.8,36.0,2.0,1.7,22.6,89.3,34.3,121,45,75,"Oakridge,Des Moines, IA","(41.5934479, -93.6359450651098)",41.5934479,-93.6359450651098
"Old Orchard Beach neighborhood in Des Moines, IA",0.119,3.0,1.8,2.0,37.4,35.9,49743,683,19.4,15.5,71.8,17.9,2.6,0.7,45.1,68.3,5.6,164,79,85,"Old Orchard Beach,Des Moines, IA","(None, None)",,
"Out-Look Park neighborhood in Des Moines, IA",0.095,2.4,1.9,1.7,32.9,35.3,51045,777,12.7,16.9,73.9,18.6,2.3,0.4,40.2,74.3,16.2,511,243,268,"Out-Look Park,Des Moines, IA","(None, None)",,
"Owl's Head Estates neighborhood in Des Moines, IA",0.004,1.7,1.1,1.8,52.1,52.2,44716,876,16.1,18.9,55.8,36.5,0.0,0.0,34.6,57.3,9.5,13,6,7,"Owl's Head Estates,Des Moines, IA","(None, None)",,
"Owl's Head Historic District neighborhood in Des Moines, IA",0.010,1.7,1.1,1.8,52.1,52.2,44716,876,16.1,18.9,55.8,36.5,0.0,0.0,34.6,57.3,9.2,33,15,18,"Owl's Head Historic District,Des Moines, IA","(None, None)",,
"Park Fair Heights neighborhood in Des Moines, IA",0.021,2.5,2.1,2.0,29.5,41.7,47552,983,4.8,16.8,63.0,16.0,7.1,2.2,35.3,70.0,25.7,115,56,59,"Park Fair Heights,Des Moines, IA","(None, None)",,
"Park Fleur Plaza neighborhood in Des Moines, IA",0.038,2.2,1.4,1.9,32.4,43.7,52924,740,8.1,16.4,69.4,26.7,4.3,0.4,49.3,65.2,2.8,49,26,23,"Park Fleur Plaza,Des Moines, IA","(None, None)",,
"Park Forest neighborhood in Des Moines, IA",0.142,,,,,,,,,,,,,,,,,,,,"Park Forest,Des Moines, IA","(None, None)",,
"Park View neighborhood in Des Moines, IA",0.082,26.2,1.9,2.0,36.3,35.9,52740,708,20.1,12.2,71.8,17.9,3.6,0.7,47.7,67.1,5.6,716,336,380,"Park View,Des Moines, IA","(41.5910641, -93.6037149)",41.5910641,-93.6037149
"Parkhaven neighborhood in West Des Moines, IA",0.077,,,,,,,,,,,,,,,,,,,,"Parkhaven,West Des Moines, IA","(41.561712, -93.749949)",41.561712,-93.749949
"Pine Grove neighborhood in West Des Moines, IA",0.062,,,,,,,,,,,,,,,,,,,,"Pine Grove,West Des Moines, IA","(None, None)",,
"Pinehurst neighborhood in Des Moines, IA",0.094,2.7,1.2,1.9,27.0,35.5,40671,649,19.4,8.8,81.3,13.6,,0.0,41.2,49.0,18.2,547,264,283,"Pinehurst,Des Moines, IA","(41.5910641, -93.6037149)",41.5910641,-93.6037149
"Pioneer Place neighborhood in Des Moines, IA",0.033,,,,,,,,,,,,,,,,,,,,"Pioneer Place,Des Moines, IA","(None, None)",,
"Pittsburgh-Des Moines Place neighborhood in Clive, IA",,,,,,,,,,,,,,,,,,,,,"Pittsburgh-Des Moines Place,Clive, IA","(None, None)",,
"Polk  Hubbell Park neighborhood in Des Moines, IA",0.094,1.7,1.1,1.8,52.1,52.2,44716,876,16.1,18.9,55.8,36.5,0.0,0.0,34.6,57.3,9.0,328,152,175,"Polk  Hubbell Park,Des Moines, IA","(None, None)",,
"Ponderosa Valley neighborhood in West Des Moines, IA",0.091,,,,,,,,,,,,,,,,,,,,"Ponderosa Valley,West Des Moines, IA","(None, None)",,
"Ponderosa neighborhood in West Des Moines, IA",0.151,,,,,,,,,,,,,,,,,,,,"Ponderosa,West Des Moines, IA","(41.5645337, -93.7595281)",41.5645337,-93.7595281
"Prospect Park neighborhood in Des Moines, IA",0.049,11.5,1.3,1.4,42.5,36.0,50341,690,6.8,10.0,61.4,22.1,12.2,1.3,50.2,80.1,18.9,192,95,96,"Prospect Park,Des Moines, IA","(41.6179408, -93.63694360641)",41.6179408,-93.63694360641
"Pursley Estate neighborhood in Des Moines, IA",0.072,1.6,1.2,1.7,31.1,33.3,37686,671,28.6,28.9,53.1,34.1,3.2,2.4,17.1,78.3,22.7,482,234,247,"Pursley Estate,Des Moines, IA","(None, None)",,
"Quail Cove neighborhood in West Des Moines, IA",0.055,,,,,,,,,,,,,,,,,,,,"Quail Cove,West Des Moines, IA","(None, None)",,
"Quail Meadows neighborhood in West Des Moines, IA",0.169,,,,,,,,,,,,,,,,,,,,"Quail Meadows,West Des Moines, IA","(41.547523, -93.7680035695461)",41.547523,-93.7680035695461
"Quail Park neighborhood in West Des Moines, IA",0.414,,,,,,,,,,,,,,,,,,,,"Quail Park,West Des Moines, IA","(41.5466763, -93.7612953487738)",41.5466763,-93.7612953487738
"Quail Vista neighborhood in West Des Moines, IA",0.059,,,,,,,,,,,,,,,,,,,,"Quail Vista,West Des Moines, IA","(None, None)",,
"Richmond Heights neighborhood in Des Moines, IA",0.012,2.7,1.2,2.3,28.5,40.4,44028,622,11.3,13.6,75.9,12.3,0.0,0.3,37.6,55.8,8.7,37,18,18,"Richmond Heights,Des Moines, IA","(None, None)",,
"Ridgeway neighborhood in West Des Moines, IA",0.040,2.2,1.2,2.2,32.2,35.4,40108,709,14.4,22.4,67.0,18.7,3.6,1.3,32.2,74.7,19.9,173,92,81,"Ridgeway,West Des Moines, IA","(None, None)",,
"Rising Sun neighborhood in Des Moines, IA",0.044,,,,,,,,,,,,,,,,,,,,"Rising Sun,Des Moines, IA","(None, None)",,
"River Bend neighborhood in Des Moines, IA",0.476,5.4,1.0,1.7,35.6,38.4,34754,578,14.9,25.0,61.1,20.1,9.2,1.4,25.4,74.4,24.3,3,1844,1657,"River Bend,Des Moines, IA","(None, None)",,
"River Hills neighborhood in Des Moines, IA",0.499,2.7,0.8,4.3,36.6,42.4,31967,570,14.7,18.8,51.2,20.8,17.3,1.7,23.4,81.0,26.4,1,660,610,"River Hills,Des Moines, IA","(41.5541855, -91.5348875)",41.5541855,-91.5348875
"River Oaks neighborhood in Des Moines, IA",0.036,2.1,0.8,1.9,48.4,56.8,102417,781,5.8,4.0,55.8,36.5,0.0,0.0,57.6,63.0,1.8,109,50,58,"River Oaks,Des Moines, IA","(None, None)",,
"River Point West neighborhood in Des Moines, IA",0.201,1.3,0.8,1.4,32.1,42.0,29013,699,25.8,22.5,44.4,31.2,10.6,3.4,18.0,64.8,71.0,179,79,99,"River Point West,Des Moines, IA","(None, None)",,
"River Woods neighborhood in Des Moines, IA",0.017,2.1,0.8,1.9,48.4,56.8,102417,781,5.8,4.0,55.8,36.5,0.0,0.0,57.6,63.0,1.8,50,23,27,"River Woods,Des Moines, IA","(None, None)",,
"Riverview Park neighborhood in Des Moines, IA",0.026,8.4,1.0,1.7,39.3,36.6,42006,554,12.9,33.1,60.1,17.1,10.8,1.4,11.7,74.3,31.3,212,123,88,"Riverview Park,Des Moines, IA","(41.6223685, -93.6290134576123)",41.6223685,-93.6290134576123
"Robel Heights neighborhood in West Des Moines, IA",0.078,,,,,,,,,,,,,,,,,,,,"Robel Heights,West Des Moines, IA","(None, None)",,
"Roosevelt Park neighborhood in Des Moines, IA",0.025,29.0,0.6,2.0,29.8,49.6,41402,839,17.1,28.7,64.8,18.6,3.8,0.1,29.1,73.1,3.0,160,78,82,"Roosevelt Park,Des Moines, IA","(None, None)",,
"Rose Hill Manor neighborhood in Des Moines, IA",0.032,2.5,1.5,2.1,31.1,29.6,38235,614,14.0,27.4,62.0,21.2,4.7,0.1,39.5,67.7,15.0,138,71,67,"Rose Hill Manor,Des Moines, IA","(None, None)",,
"Rutherfurd Heights neighborhood in Des Moines, IA",0.055,2.4,0.9,1.7,41.6,53.8,30403,634,12.8,14.9,60.1,16.7,,1.4,22.8,80.5,9.1,179,90,88,"Rutherfurd Heights,Des Moines, IA","(None, None)",,
"Salisbury Oaks neighborhood in Des Moines, IA",0.394,2.4,0.9,1.9,36.6,40.9,73487,772,6.6,4.8,57.4,35.4,0.0,0.6,57.4,63.2,2.7,1,529,601,"Salisbury Oaks,Des Moines, IA","(41.5797872, -93.6715591)",41.5797872,-93.6715591
"Sargent Heights neighborhood in Des Moines, IA",0.015,21.5,0.6,2.0,32.9,47.1,43427,839,17.1,28.7,64.8,18.6,1.1,0.1,29.1,73.1,3.0,95,46,48,"Sargent Heights,Des Moines, IA","(41.6321242, -93.5482663356584)",41.6321242,-93.5482663356584
"Sawyers Landing neighborhood in Des Moines, IA",0.047,2.7,1.6,2.1,35.8,40.0,69963,575,8.0,14.3,61.8,19.3,7.3,2.6,63.4,73.0,3.7,59,32,26,"Sawyers Landing,Des Moines, IA","(None, None)",,
"Saylorville neighborhood in Des Moines, IA",0.141,2.7,1.3,2.4,42.0,43.1,81024,668,10.7,11.2,78.2,16.5,0.0,0.4,45.8,59.5,7.2,328,172,155,"Saylorville,Des Moines, IA","(41.62603725, -93.642995499865)",41.62603725,-93.642995499865
"Saylorville Heights neighborhood in Des Moines, IA",0.114,2.5,1.3,2.2,37.6,42.4,59296,651,9.8,19.2,78.2,16.5,0.0,0.4,54.2,67.1,2.7,37,21,15,"Saylorville Heights,Des Moines, IA","(None, None)",,
"Scenic Heights neighborhood in Des Moines, IA",0.031,2.1,1.4,2.1,55.0,51.5,49074,752,7.2,10.2,83.8,14.2,0.0,0.2,49.1,61.0,22.0,39,18,20,"Scenic Heights,Des Moines, IA","(None, None)",,
"Scenic neighborhood in West Des Moines, IA",0.159,,,,,,,,,,,,,,,,,,,,"Scenic,West Des Moines, IA","(41.55163765, -93.7433044526818)",41.55163765,-93.7433044526818
"Sharon Hills neighborhood in Des Moines, IA",0.068,2.5,1.1,1.8,31.5,41.3,29211,640,22.7,14.1,67.9,22.3,1.4,0.1,19.7,77.8,26.1,290,106,184,"Sharon Hills,Des Moines, IA","(None, None)",,
"Sharon Place neighborhood in Des Moines, IA",0.029,2.4,1.4,2.1,38.7,39.8,63672,709,16.0,13.8,68.2,24.5,1.4,1.2,51.4,64.9,2.1,154,76,78,"Sharon Place,Des Moines, IA","(None, None)",,
"Shawnee Acres neighborhood in Des Moines, IA",0.095,8.7,2.1,2.0,36.8,38.4,45713,978,5.0,16.8,63.0,16.0,7.3,2.2,35.3,69.9,25.5,521,254,267,"Shawnee Acres,Des Moines, IA","(None, None)",,
"Shawnee Park neighborhood in Des Moines, IA",0.030,2.6,0.8,2.2,36.9,36.6,50350,619,10.0,26.0,69.9,22.9,2.3,0.2,36.1,59.5,3.6,238,131,106,"Shawnee Park,Des Moines, IA","(None, None)",,
"Sheridan Park neighborhood in Des Moines, IA",0.044,2.8,1.5,1.9,33.5,39.0,61627,763,13.8,17.7,82.7,12.2,0.0,0.1,43.1,78.3,7.9,268,149,119,"Sheridan Park,Des Moines, IA","(41.6229417, -93.5382042692928)",41.6229417,-93.5382042692928
"Sheridan Plaza neighborhood in Des Moines, IA",0.030,2.5,1.5,2.4,36.5,41.6,63080,747,13.6,18.2,82.7,12.2,0.0,0.1,47.4,66.4,19.4,197,99,97,"Sheridan Plaza,Des Moines, IA","(None, None)",,
"Sherman Hill neighborhood in Des Moines, IA",0.255,1.6,1.2,1.7,31.4,33.4,38191,643,29.1,26.9,58.1,35.8,0.7,1.8,18.7,80.6,25.5,2,1013,1131,"Sherman Hill,Des Moines, IA","(41.5915883, -93.6412442)",41.5915883,-93.6412442
"Smith's Acres neighborhood in Des Moines, IA",0.081,10.9,3.0,2.5,36.6,38.0,47040,676,7.3,18.9,78.3,18.6,0.0,0.8,38.2,60.6,128.8,298,142,156,"Smith's Acres,Des Moines, IA","(None, None)",,
"Somerset neighborhood in Des Moines, IA",0.150,29.0,7.0,1.6,44.3,47.6,36161,639,7.0,16.1,67.9,22.3,,0.1,36.1,76.4,4.3,363,181,181,"Somerset,Des Moines, IA","(None, None)",,
"South Fort Des Moines neighborhood in Des Moines, IA",0.128,1.8,0.8,2.2,35.0,34.3,36492,576,14.1,24.8,75.5,18.2,1.4,0.9,33.7,63.0,26.9,378,206,171,"South Fort Des Moines,Des Moines, IA","(41.5202677, -93.6157731)",41.5202677,-93.6157731
"South Meadows neighborhood in Des Moines, IA",0.014,29.0,8.2,1.8,44.3,47.6,36161,639,7.0,16.1,67.9,22.3,3.0,0.1,36.1,76.4,4.4,33,16,16,"South Meadows,Des Moines, IA","(None, None)",,
"South Park neighborhood in Des Moines, IA",1.000,6.1,1.1,2.1,39.3,44.8,57351,718,21.9,18.8,68.1,19.5,0.9,0.2,27.0,73.9,22.1,4,2034,2589,"South Park,Des Moines, IA","(None, None)",,
"South Park neighborhood in Des Moines, IA",1.000,6.1,1.1,2.1,39.3,44.8,57351,718,21.9,18.8,68.1,19.5,0.9,0.2,27.0,73.9,22.1,4,2034,2589,"South Park,Des Moines, IA","(None, None)",,
"South Riverside Park neighborhood in Des Moines, IA",0.076,,,,,,,,,,,,,,,,,,,,"South Riverside Park,Des Moines, IA","(None, None)",,
"South View Acres neighborhood in Des Moines, IA",0.045,,,,,,,,,,,,,,,,,,,,"South View Acres,Des Moines, IA","(None, None)",,
"Southcrest neighborhood in Des Moines, IA",0.031,2.4,1.1,1.8,28.9,42.7,26350,641,23.6,15.2,67.9,22.3,4.5,0.1,18.0,80.8,26.8,137,52,85,"Southcrest,Des Moines, IA","(None, None)",,
"Southern Gardens neighborhood in Des Moines, IA",0.056,,,,,,,,,,,,,,,,,,,,"Southern Gardens,Des Moines, IA","(None, None)",,
"Southern Hills neighborhood in Des Moines, IA",0.179,2.2,1.1,2.4,25.0,31.3,38555,786,30.6,23.7,61.6,22.1,1.1,0.0,27.9,52.1,30.3,92,37,55,"Southern Hills,Des Moines, IA","(None, None)",,
"Southern Knolls neighborhood in Des Moines, IA",0.045,2.5,0.9,2.7,23.1,26.0,20192,580,27.8,17.4,75.9,12.3,3.5,0.3,24.5,82.1,19.2,290,146,143,"Southern Knolls,Des Moines, IA","(None, None)",,
"Southern Woods neighborhood in Des Moines, IA",0.066,,,,,,,,,,,,,,,,,,,,"Southern Woods,Des Moines, IA","(None, None)",,
"Southgate neighborhood in Des Moines, IA",0.031,2.2,1.4,1.9,38.2,44.8,59386,740,7.8,16.2,69.6,26.7,2.6,0.4,49.2,65.0,2.5,41,21,19,"Southgate,Des Moines, IA","(41.5910641, -93.6037149)",41.5910641,-93.6037149
"Southgate Manor neighborhood in Des Moines, IA",0.062,,,,,,,,,,,,,,,,,,,,"Southgate Manor,Des Moines, IA","(None, None)",,
"Southmoor Gardens neighborhood in Des Moines, IA",0.062,2.9,1.7,2.2,32.6,34.2,51203,676,18.2,11.5,61.9,21.2,0.0,0.1,48.7,68.4,17.3,201,80,120,"Southmoor Gardens,Des Moines, IA","(None, None)",,
"Southpark Plaza neighborhood in Des Moines, IA",0.028,,,,,,,,,,,,,,,,,,,,"Southpark Plaza,Des Moines, IA","(None, None)",,
"Southridge neighborhood in Des Moines, IA",0.383,5.7,1.1,1.8,33.6,39.2,55011,642,23.4,15.2,67.9,22.3,1.1,0.1,18.3,80.6,26.4,1,620,1015,"Southridge,Des Moines, IA","(41.5269599, -93.5992394754034)",41.5269599,-93.5992394754034
"Southwestern Hills neighborhood in Des Moines, IA",8.293,2.2,1.1,2.4,25.0,31.3,38550,786,30.6,23.7,69.8,18.6,2.8,0.0,27.9,52.1,30.0,4,1723,2587,"Southwestern Hills,Des Moines, IA","(None, None)",,
"Southwick neighborhood in Des Moines, IA",0.047,14.3,3.8,1.5,46.2,46.6,38140,621,7.1,15.6,67.9,22.3,5.2,0.1,36.3,76.0,5.3,116,57,59,"Southwick,Des Moines, IA","(None, None)",,
"Southwoods neighborhood in West Des Moines, IA",0.410,,,,,,,,,,,,,,,,,,,,"Southwoods,West Des Moines, IA","(41.5714954, -93.7751902673815)",41.5714954,-93.7751902673815
"Sposeto Heights neighborhood in Des Moines, IA",0.061,,,,,,,,,,,,,,,,,,,,"Sposeto Heights,Des Moines, IA","(None, None)",,
"Stuart To the City of West Des Moines neighborhood in West Des Moines, IA",0.023,,,,,,,,,,,,,,,,,,,,"Stuart To the City of West Des Moines,West Des Moines, IA","(None, None)",,
"Summit Park neighborhood in Des Moines, IA",0.020,3.7,1.0,2.6,29.3,32.0,28715,519,17.0,29.4,62.2,22.3,7.4,1.3,17.6,27.3,17.0,159,86,72,"Summit Park,Des Moines, IA","(None, None)",,
"Summit View neighborhood in Des Moines, IA",0.055,2.7,1.2,2.3,28.5,40.4,44028,622,11.3,13.6,75.9,12.3,,0.3,37.6,55.8,8.7,177,88,88,"Summit View,Des Moines, IA","(None, None)",,
"Summit Vista neighborhood in Des Moines, IA",0.084,,,,,,,,,,,,,,,,,,,,"Summit Vista,Des Moines, IA","(None, None)",,
"Sun Down Meadows neighborhood in Des Moines, IA",0.025,,,,,,,,,,,,,,,,,,,,"Sun Down Meadows,Des Moines, IA","(None, None)",,
"Sun Prairie neighborhood in West Des Moines, IA",0.196,,,,,,,,,,,,,,,,,,,,"Sun Prairie,West Des Moines, IA","(None, None)",,
"Sunnycrest neighborhood in Des Moines, IA",0.050,8.4,1.1,2.2,37.0,37.9,51251,676,13.2,19.8,62.3,21.2,9.2,0.1,45.1,68.0,12.9,466,246,220,"Sunnycrest,Des Moines, IA","(None, None)",,
"Sunrise Park neighborhood in Des Moines, IA",0.125,3.2,1.9,2.3,39.2,38.9,52101,630,14.5,10.8,72.6,20.7,1.7,0.2,61.4,77.7,24.1,263,132,131,"Sunrise Park,Des Moines, IA","(None, None)",,
"Sunrise Pointe neighborhood in Des Moines, IA",0.058,,,,,,,,,,,,,,,,,,,,"Sunrise Pointe,Des Moines, IA","(None, None)",,
"Sunset Park neighborhood in Des Moines, IA",0.029,2.2,0.8,1.9,43.8,41.6,67708,535,9.7,12.9,71.5,25.0,0.0,0.4,44.4,80.7,7.0,71,35,35,"Sunset Park,Des Moines, IA","(None, None)",,
"Sunset Ridge neighborhood in Des Moines, IA",0.005,3.0,1.1,2.2,33.6,32.8,51344,676,13.2,19.9,61.9,21.2,2.7,0.1,45.2,68.2,12.8,43,23,20,"Sunset Ridge,Des Moines, IA","(None, None)",,
"Sylvan Heights neighborhood in Des Moines, IA",0.225,2.4,0.7,1.9,37.0,47.4,56015,605,6.9,14.9,81.1,14.7,0.0,0.4,55.1,62.5,11.5,106,61,44,"Sylvan Heights,Des Moines, IA","(None, None)",,
"The Knolls neighborhood in West Des Moines, IA",0.186,,,,,,,,,,,,,,,,,,,,"The Knolls,West Des Moines, IA","(41.56177495, -93.7659313510099)",41.56177495,-93.7659313510099
"The Oaks at 35th neighborhood in West Des Moines, IA",0.016,35,1.8,2.2,40.2,45.8,35,35,35,35,71.7,35,35,0.9,53.6,35,35,74,38,35,"The Oaks at 35th,West Des Moines, IA","(None, None)",,
"Thomas Heights neighborhood in Des Moines, IA",0.193,17.7,0.9,1.9,47.7,49.5,37739,634,5.7,3.3,67.9,22.3,6.3,0.1,47.9,73.9,14.4,621,332,288,"Thomas Heights,Des Moines, IA","(None, None)",,
"Thornton Heights neighborhood in Des Moines, IA",0.014,2.8,3.9,1.6,15.7,41.3,46250,782,10.6,12.1,78.3,18.6,0.0,0.8,37.8,58.0,7.5,90,44,45,"Thornton Heights,Des Moines, IA","(None, None)",,
"Thornton Place neighborhood in Des Moines, IA",0.064,2.4,1.7,2.1,37.5,32.0,57431,675,21.5,14.7,69.6,26.6,0.6,0.3,34.3,78.3,29.7,185,82,103,"Thornton Place,Des Moines, IA","(None, None)",,
"Thornwood neighborhood in West Des Moines, IA",0.075,,,,,,,,,,,,,,,,,,,,"Thornwood,West Des Moines, IA","(41.543513, -93.755015)",41.543513,-93.755015
"Three Fountains neighborhood in West Des Moines, IA",0.093,,,,,,,,,,,,,,,,,,,,"Three Fountains,West Des Moines, IA","(41.5653824, -93.7735809322317)",41.5653824,-93.7735809322317
"Timberline Terrace neighborhood in Des Moines, IA",0.022,3.3,1.7,2.5,32.3,33.3,66554,645,19.5,17.7,77.1,13.1,0.0,0.5,31.6,70.0,18.9,27,13,14,"Timberline Terrace,Des Moines, IA","(None, None)",,
"Turnberry neighborhood in West Des Moines, IA",0.074,,,,,,,,,,,,,,,,,,,,"Turnberry,West Des Moines, IA","(41.55322675, -93.7540690712781)",41.55322675,-93.7540690712781
"Turner Place neighborhood in Des Moines, IA",0.031,1.9,1.7,1.9,40.4,49.5,63461,845,12.6,20.2,72.4,22.2,0.0,0.4,44.0,84.3,1.0,55,25,29,"Turner Place,Des Moines, IA","(None, None)",,
"Union Lawns neighborhood in Des Moines, IA",0.039,29.0,0.6,2.0,29.8,49.6,41402,839,17.1,28.7,64.8,18.6,4.6,0.1,29.1,73.1,3.0,246,120,126,"Union Lawns,Des Moines, IA","(41.531885, -93.61607)",41.531885,-93.61607
"Union Park neighborhood in Des Moines, IA",1.241,13.0,1.4,2.0,32.0,39.3,47189,810,16.5,22.9,68.9,16.9,4.6,0.6,38.6,70.0,6.2,9,4643,4699,"Union Park,Des Moines, IA","(41.61233445, -93.6089212741544)",41.61233445,-93.6089212741544
"Universal Place neighborhood in Des Moines, IA",0.030,,,,,,,,,,,,,,,,,,,,"Universal Place,Des Moines, IA","(None, None)",,
"University neighborhood in Des Moines, IA",0.058,2.0,1.1,2.0,30.9,27.9,37579,601,27.9,28.5,45.5,24.1,16.1,1.6,24.1,69.1,18.4,589,282,306,"University,Des Moines, IA","(41.61980315, -93.5988096106748)",41.61980315,-93.5988096106748
"University Heights neighborhood in Des Moines, IA",0.163,2.3,2.0,1.6,37.0,40.1,70773,994,26.6,21.0,75.5,19.5,0.2,0.5,40.0,96.2,17.5,1,503,501,"University Heights,Des Moines, IA","(None, None)",,
"Valley High Manor neighborhood in Des Moines, IA",0.200,2.9,1.7,2.4,39.8,41.7,55787,645,19.4,17.7,77.1,13.1,0.5,0.5,31.8,70.0,18.7,239,115,123,"Valley High Manor,Des Moines, IA","(None, None)",,
"Valley Junction neighborhood in West Des Moines, IA",0.666,7.4,1.3,2.2,31.8,36.5,45247,720,15.8,22.2,66.9,18.9,3.6,1.3,32.3,78.3,20.1,5,2866,2574,"Valley Junction,West Des Moines, IA","(41.5691561, -93.7096652)",41.5691561,-93.7096652
"Van Vliet Meadows neighborhood in Des Moines, IA",0.031,29.0,0.6,2.0,29.8,49.6,41402,839,17.1,28.7,64.8,18.6,3.1,0.1,29.1,73.1,3.0,197,96,101,"Van Vliet Meadows,Des Moines, IA","(None, None)",,
"Vandalia Acres neighborhood in Des Moines, IA",0.166,2.5,1.5,2.0,37.4,47.7,47574,643,7.5,13.9,77.1,13.1,0.0,0.5,43.9,72.8,21.0,29,15,13,"Vandalia Acres,Des Moines, IA","(None, None)",,
"Vernon Heights neighborhood in Des Moines, IA",0.012,2.2,0.8,1.9,43.8,41.6,67708,535,9.7,12.9,71.5,25.0,0.0,0.4,44.4,80.7,7.1,29,14,14,"Vernon Heights,Des Moines, IA","(None, None)",,
"Virginia Heights neighborhood in Des Moines, IA",0.031,2.2,1.4,1.9,38.7,51.8,60465,740,7.8,16.3,69.5,26.8,2.6,0.3,49.5,65.2,2.4,41,21,19,"Virginia Heights,Des Moines, IA","(None, None)",,
"Vista Grove neighborhood in Des Moines, IA",0.033,2.9,2.2,2.4,43.2,34.5,54233,681,12.0,24.1,50.9,18.8,14.0,1.6,31.8,77.7,18.3,53,28,24,"Vista Grove,Des Moines, IA","(None, None)",,
"Wakonda Club Knolls neighborhood in Des Moines, IA",0.076,,,,,,,,,,,,,,,,,,,,"Wakonda Club Knolls,Des Moines, IA","(None, None)",,
"Wakonda Manor neighborhood in Des Moines, IA",0.251,2.1,0.9,1.9,38.7,39.4,44179,628,16.4,11.4,81.3,13.6,0.3,0.0,40.0,75.3,15.8,1,609,776,"Wakonda Manor,Des Moines, IA","(41.542065, -93.639396)",41.542065,-93.639396
"Walnut Hill neighborhood in Des Moines, IA",0.059,2.8,2.0,1.7,36.0,38.4,12500,442,16.8,11.9,61.2,22.7,5.7,1.4,37.7,72.8,18.3,249,145,104,"Walnut Hill,Des Moines, IA","(None, None)",,
"Waterbury neighborhood in Des Moines, IA",0.771,2.5,1.3,1.9,36.6,37.7,77971,764,11.9,10.0,64.7,31.0,0.5,0.7,59.8,73.3,14.1,3,1697,1877,"Waterbury,Des Moines, IA","(41.587138, -93.693882)",41.587138,-93.693882
"Waterbury Park neighborhood in Des Moines, IA",0.090,2.3,1.7,1.8,42.0,46.7,94552,880,11.9,8.9,64.7,31.1,1.0,0.7,67.6,69.4,9.3,598,294,303,"Waterbury Park,Des Moines, IA","(None, None)",,
"Watrous Heights neighborhood in Des Moines, IA",0.076,2.3,1.7,2.2,38.1,37.5,60586,653,18.2,11.5,64.6,20.2,6.9,0.1,48.7,68.4,17.4,246,98,148,"Watrous Heights,Des Moines, IA","(None, None)",,
"Watrous Park neighborhood in Des Moines, IA",0.128,2.7,1.7,2.1,27.7,32.9,52115,676,21.4,14.7,72.6,23.3,0.7,0.3,34.3,78.2,29.3,371,164,206,"Watrous Park,Des Moines, IA","(None, None)",,
"Waveland Heights neighborhood in Des Moines, IA",0.089,2.4,1.3,2.0,37.3,38.7,75663,787,21.6,10.7,72.4,22.2,0.2,0.4,41.4,71.1,9.4,471,192,278,"Waveland Heights,Des Moines, IA","(None, None)",,
"Waveland Hills neighborhood in Des Moines, IA",0.027,2.2,1.2,1.8,44.6,42.8,65986,763,10.9,22.0,71.5,25.0,0.0,0.4,38.6,72.3,6.5,76,37,39,"Waveland Hills,Des Moines, IA","(None, None)",,
"Waveland Park neighborhood in Des Moines, IA",1.338,2.4,1.1,1.9,38.4,39.7,79309,712,15.1,13.7,72.1,23.3,0.2,0.4,43.2,77.8,6.5,3,1711,2055,"Waveland Park,Des Moines, IA","(None, None)",,
"Waveland Woods neighborhood in Des Moines, IA",0.265,2.3,1.2,1.8,37.3,37.8,53447,764,10.9,22.0,71.3,25.2,0.0,0.4,38.5,72.3,6.6,746,362,384,"Waveland Woods,Des Moines, IA","(None, None)",,
"Welker Woods neighborhood in Des Moines, IA",0.039,2.3,1.6,2.0,39.0,40.1,89659,685,13.5,11.5,72.3,25.2,0.0,0.9,55.0,65.3,8.9,77,39,38,"Welker Woods,Des Moines, IA","(None, None)",,
"Wessex neighborhood in Des Moines, IA",0.025,25.0,1.6,1.8,39.6,29.2,54118,713,27.5,27.7,52.0,35.2,4.3,3.1,25.4,69.8,5.9,142,73,69,"Wessex,Des Moines, IA","(None, None)",,
"West Des Moines Heights neighborhood in West Des Moines, IA",0.026,2.5,1.7,2.0,38.4,34.5,73571,775,18.6,7.3,66.7,21.0,0.0,0.8,53.8,68.3,3.9,81,40,41,"West Des Moines Heights,West Des Moines, IA","(41.588949, -93.703483)",41.588949,-93.703483
"West Glen neighborhood in West Des Moines, IA",0.119,,,,,,,,,,,,,,,,,,,,"West Glen,West Des Moines, IA","(None, None)",,
"West Park neighborhood in Des Moines, IA",0.016,1.7,1.2,1.8,30.6,31.8,42356,625,27.1,26.1,59.0,36.1,0.0,0.0,20.1,76.7,19.2,29,14,15,"West Park,Des Moines, IA","(None, None)",,
"West Park neighborhood in West Des Moines, IA",0.051,,,,,,,,,,,,,,,,,,,,"West Park,West Des Moines, IA","(41.586208, -93.7681842006247)",41.586208,-93.7681842006247
"West University Place neighborhood in Des Moines, IA",0.041,2.1,1.1,1.8,36.2,40.2,82508,919,20.5,19.0,60.8,28.2,2.8,1.3,38.8,80.0,10.4,147,70,76,"West University Place,Des Moines, IA","(None, None)",,
"Westchester Manor neighborhood in Des Moines, IA",0.213,9.7,13.9,1.1,53.9,50.3,67163,789,11.4,15.5,63.0,23.6,14.1,0.0,59.3,62.8,10.8,337,145,192,"Westchester Manor,Des Moines, IA","(None, None)",,
"Western Hills Plat neighborhood in West Des Moines, IA",0.180,,,,,,,,,,,,,,,,,,,,"Western Hills Plat,West Des Moines, IA","(None, None)",,
"Westernwoods neighborhood in West Des Moines, IA",0.091,,,,,,,,,,,,,,,,,,,,"Westernwoods,West Des Moines, IA","(None, None)",,
"Westgate neighborhood in West Des Moines, IA",0.062,,,,,,,,,,,,,,,,,,,,"Westgate,West Des Moines, IA","(None, None)",,
"Westown neighborhood in West Des Moines, IA",1.128,2.7,1.6,2.2,33.7,41.0,73083,871,10.4,12.6,68.1,22.0,0.0,0.1,64.1,66.9,3.2,887,447,439,"Westown,West Des Moines, IA","(41.59609, -93.747108)",41.59609,-93.747108
"Westridge neighborhood in West Des Moines, IA",0.133,,,,,,,,,,,,,,,,,,,,"Westridge,West Des Moines, IA","(41.5706063, -93.7879642479677)",41.5706063,-93.7879642479677
"Westwood neighborhood in Des Moines, IA",0.773,2.5,1.5,2.1,35.8,38.0,71809,685,14.3,12.4,70.9,24.9,0.5,1.0,53.6,66.6,10.8,1,763,773,"Westwood,Des Moines, IA","(40.9655832, -91.6237738)",40.9655832,-91.6237738
"Wetmore neighborhood in Des Moines, IA",0.042,1.7,1.2,1.8,30.6,31.8,42356,625,27.1,26.1,59.0,36.1,0.0,0.0,20.1,76.7,18.7,79,37,41,"Wetmore,Des Moines, IA","(None, None)",,
"Whispering Pines neighborhood in Des Moines, IA",0.022,2.3,1.7,2.2,38.1,37.5,60586,659,18.2,11.5,61.9,21.2,4.6,0.1,48.7,68.4,17.4,69,27,41,"Whispering Pines,Des Moines, IA","(None, None)",,
"Whispering Pines East neighborhood in Des Moines, IA",0.035,,,,,,,,,,,,,,,,,,,,"Whispering Pines East,Des Moines, IA","(None, None)",,
"White Oak Park neighborhood in Des Moines, IA",0.018,,,,,,,,,,,,,,,,,,,,"White Oak Park,Des Moines, IA","(None, None)",,
"Whitewood Knoll neighborhood in Des Moines, IA",0.014,3.5,1.4,1.9,18.8,24.9,46635,1028,28.8,24.8,78.3,18.6,0.0,0.8,29.1,80.6,19.4,88,49,38,"Whitewood Knoll,Des Moines, IA","(None, None)",,
"Willmore Wood neighborhood in Des Moines, IA",0.017,2.2,1.2,1.8,45.8,44.8,63125,763,10.9,22.0,71.5,25.0,0.0,0.4,38.6,72.2,6.5,46,22,23,"Willmore Wood,Des Moines, IA","(None, None)",,
"Willoughby Acres neighborhood in Des Moines, IA",0.100,2.3,1.9,1.9,38.7,47.8,47237,841,7.5,24.9,73.9,20.7,2.7,0.5,41.7,71.3,8.5,432,241,191,"Willoughby Acres,Des Moines, IA","(None, None)",,
"Willow Crest neighborhood in West Des Moines, IA",0.036,3.0,2.1,2.5,41.9,38.4,99821,886,9.0,14.2,68.1,22.0,11.2,0.1,81.8,55.3,0.9,126,58,67,"Willow Crest,West Des Moines, IA","(None, None)",,
"Windover Woods neighborhood in Des Moines, IA",0.066,2.2,1.4,1.9,36.8,51.0,61474,740,7.8,16.3,69.5,26.8,3.7,0.3,49.5,65.2,2.4,85,45,40,"Windover Woods,Des Moines, IA","(None, None)",,
"Windsor Park neighborhood in Des Moines, IA",0.272,2.3,1.3,1.8,37.3,37.8,53447,836,11.5,21.6,67.5,27.7,0.7,0.4,36.8,75.3,13.2,748,374,374,"Windsor Park,Des Moines, IA","(None, None)",,
"Windsor Square neighborhood in Des Moines, IA",0.034,2.2,1.2,1.8,44.6,42.8,65986,763,10.9,22.0,71.5,25.0,0.0,0.4,38.6,72.3,6.5,95,46,49,"Windsor Square,Des Moines, IA","(None, None)",,
"Wirtz Park neighborhood in West Des Moines, IA",0.063,,,,,,,,,,,,,,,,,,,,"Wirtz Park,West Des Moines, IA","(None, None)",,
"Wistful Vista neighborhood in West Des Moines, IA",0.142,,,,,,,,,,,,,,,,,,,,"Wistful Vista,West Des Moines, IA","(None, None)",,
"Wood View Acres neighborhood in Des Moines, IA",0.019,2.6,0.7,2.3,33.5,25.4,58438,853,18.6,9.2,72.6,20.7,4.3,0.2,43.0,61.1,35.2,26,12,14,"Wood View Acres,Des Moines, IA","(None, None)",,
"Wood's Edge neighborhood in Des Moines, IA",0.034,,,,,,,,,,,,,,,,,,,,"Wood's Edge,Des Moines, IA","(None, None)",,
"Woodland Heights neighborhood in Des Moines, IA",0.438,1.8,1.1,1.9,32.2,36.0,36884,667,20.9,20.9,60.9,31.8,3.6,2.7,20.9,54.2,42.7,2,1264,1394,"Woodland Heights,Des Moines, IA","(None, None)",,
"Woodland Heights neighborhood in West Des Moines, IA",0.211,3.0,2.1,2.5,41.9,38.4,99821,886,9.0,14.2,68.1,22.0,12.5,0.1,81.8,55.3,0.9,736,339,396,"Woodland Heights,West Des Moines, IA","(None, None)",,
"Woodland Park neighborhood in West Des Moines, IA",0.037,,,,,,,,,,,,,,,,,,,,"Woodland Park,West Des Moines, IA","(None, None)",,
"Woodland Place neighborhood in Des Moines, IA",0.047,1.8,1.1,1.7,37.8,54.1,42436,762,13.5,19.3,59.1,36.0,,3.1,25.2,46.2,6.6,275,135,139,"Woodland Place,Des Moines, IA","(41.589854, -93.743014)",41.589854,-93.743014
"Woods Park neighborhood in Des Moines, IA",0.043,,,,,,,,,,,,,,,,,,,,"Woods Park,Des Moines, IA","(None, None)",,
"Woods on the River neighborhood in Des Moines, IA",0.242,,,,,,,,,,,,,,,,,,,,"Woods on the River,Des Moines, IA","(None, None)",,
"Woodside Estates neighborhood in Des Moines, IA",0.591,2.7,2.4,3.0,37.4,39.2,76243,640,9.6,27.7,78.2,16.5,0.0,0.4,63.3,73.4,2.3,375,246,129,"Woodside Estates,Des Moines, IA","(None, None)",,
"Wrenwood neighborhood in Des Moines, IA",0.017,3.8,2.4,2.2,19.6,19.6,30787,657,49.1,36.0,51.0,26.4,100.0,2.2,36.1,67.7,0.3,200,99,100,"Wrenwood,Des Moines, IA","(41.610492, -93.653069)",41.610492,-93.653069
"Wright's Grove neighborhood in Des Moines, IA",0.063,3.0,1.8,1.6,33.8,39.7,57387,740,15.9,24.6,66.4,14.9,14.7,0.5,49.2,59.8,5.7,441,240,201,"Wright's Grove,Des Moines, IA","(None, None)",,
"Yoder Acres neighborhood in Des Moines, IA",0.130,5.0,1.5,2.1,33.2,35.9,40495,620,14.1,27.1,62.1,21.2,1.5,0.1,39.6,67.7,15.1,580,296,283,"Yoder Acres,Des Moines, IA","(None, None)",,
"Zelda Acres neighborhood in West Des Moines, IA",0.034,2.5,8.3,1.1,43.0,43.5,64773,751,17.9,23.0,66.7,21.0,0.0,0.8,41.8,66.1,16.3,83,43,39,"Zelda Acres,West Des Moines, IA","(None, None)",,
